MRIN,Marin Software Incorporated,2.026315789473685
PRPH,"ProPhase Labs, Inc.",1.9766666666666666
GME,GameStop Corp.,1.170767004341534
VOXX,VOXX International Corporation,1.0825825825825823
ENDP,Endo International plc,1.0104166666666667
BBBY,Bed Bath & Beyond Inc.,0.9984239558707644
SCKT,"Socket Mobile, Inc.",0.9921874999999998
PACB,"Pacific Biosciences of California, Inc.",0.9119669876203578
ACOR,"Acorda Therapeutics, Inc.",0.8666666666666666
PEIX,"Pacific Ethanol, Inc.",0.7739999999999998
STND,Standard Financial Corp.,0.7498669505055883
NLS,Nautilus Inc.,0.7465254798146923
DMRC,Digimarc Corporation,0.7371760973030144
KRA,Kraton Performance Polymers Inc.,0.7359454855195912
ARWR,Arrowhead Research Corp.,0.7297297297297298
BDR,Blonder Tongue Laboratories Inc.,0.7160493827160491
IDT,IDT Corporation,0.6893203883495146
CIT,CIT Group Inc.,0.6782841823056301
PRCP,"Perceptron, Inc.",0.6699029126213591
HUSA,Houston American Energy Corp.,0.6458333333333335
EV,Eaton Vance Corp.,0.6007222078927005
PFMT,Performant Financial Corporation,0.5675675675675674
QDEL,Quidel Corp.,0.5572495137712531
PLT,"Plantronics, Inc.",0.5469283276450511
SPWR,SunPower Corporation,0.5369188696444848
MARK,"Remark Media, Inc.",0.5288461538461539
ATEC,"Alphatec Holdings, Inc.",0.5191082802547768
JCTCF,Jewett-Cameron Trading Company Ltd.,0.5185694635488308
CVV,CVD Equipment Corporation,0.4981949458483756
ASTC,Astrotech Corp.,0.4968944099378882
CTIB,CTI Industries Corp.,0.4928571428571428
ENPH,"Enphase Energy, Inc.",0.4869765433875379
AP,Ampco-Pittsburgh Corp.,0.47891566265060254
RCON,"Recon Technology, Ltd.",0.4761904761904762
STRT,STRATTEC Security Corporation,0.46809596733027065
BGFV,Big 5 Sporting Goods Corp.,0.4660714285714288
AMRC,"Ameresco, Inc.",0.4596994535519126
AMAG,"AMAG Pharmaceuticals, Inc.",0.45580404685835985
ALGN,Align Technology Inc.,0.4516787237989242
HGSH,China HGS Real Estate Inc.,0.44897959183673464
GSM,"Globe Specialty Metals, Inc.",0.43749999999999994
DDD,3D Systems Corp.,0.4344569288389514
EVC,Entravision Communications Corporation,0.4316546762589929
FLL,Full House Resorts Inc.,0.4285714285714285
AGO,Assured Guaranty Ltd.,0.4222668004012035
MLHR,Herman Miller Inc.,0.42023663810689516
SIG,Signet Jewelers Limited,0.4192513368983957
STAA,STAAR Surgical Company,0.41767371601208453
EXAS,Exact Sciences Corporation,0.41365979381443313
BCOV,"Brightcove, Inc.",0.40973630831643015
SPRO,SmartPros Ltd.,0.4090452261306533
HOME,Home Federal Bancorp Inc.,0.40681114551083597
AWH,"Allied World Assurance Company Holdings, AG",0.40458015267175573
CALX,Calix Inc.,0.4028002154011847
ACRX,"AcelRx Pharmaceuticals, Inc.",0.3968253968253968
DDS,Dillard's Inc.,0.39475957385545646
CUB,Cubic Corporation,0.3932172318973418
RESI,Altisource Residential Corporation,0.39085239085239104
PRTS,"U.S. Auto Parts Network, Inc.",0.39080459770114945
IHT,Innsuites Hospitality Trust,0.3893805309734515
ISIG,Insignia Systems Inc.,0.3870967741935484
APOG,"Apogee Enterprises, Inc.",0.3790650406504065
AWX,Avalon Holdings Corp.,0.3716216216216215
CLF,Cliffs Natural Resources Inc.,0.3696682464454976
PBI,Pitney Bowes Inc.,0.36870503597122317
RVP,"Retractable Technologies, Inc.",0.36666666666666664
FLEX,Flextronics International Ltd.,0.3663551401869159
ARAY,Accuray Incorporated,0.3656387665198238
TEX,Terex Corp.,0.36160487557135584
BXC,Bluelinx Holdings Inc.,0.35846867749419975
CASH,"Meta Financial Group, Inc.",0.35256410256410264
IMH,Impac Mortgage Holdings Inc.,0.35042735042735057
SPH,"Suburban Propane Partners, L.P.",0.34973900074571224
TACT,TransAct Technologies Incorporated,0.349056603773585
FCNCA,First Citizens Bancshares Inc.,0.34472222222222226
X,United States Steel Corp.,0.34459459459459446
FOLD,"Amicus Therapeutics, Inc.",0.3420479302832245
DLHC,DLH Holdings Corp.,0.3401797175866495
WOR,"Worthington Industries, Inc.",0.3366675440905501
FLXS,Flexsteel Industries Inc.,0.3329954384186518
FLR,Fluor Corporation,0.3318777292576418
OSUR,"OraSure Technologies, Inc.",0.3312500000000001
PRSC,Providence Service Corp.,0.33029156465613185
IMGN,"ImmunoGen, Inc.",0.3220338983050848
GPI,Group 1 Automotive Inc.,0.3212664793602765
BRN,"Barnwell Industries, Inc.",0.3194444444444444
SGMS,Scientific Games Corporation,0.318199016269391
KOS,Kosmos Energy Ltd.,0.3168316831683169
TCBI,Texas Capital BancShares Inc.,0.3122699386503067
IVZ,Invesco Ltd.,0.3089887640449439
TA,TravelCenters of America LLC,0.30722891566265076
DWSN,Dawson Geophysical Company,0.3067484662576687
OFLX,"OmegaFlex, Inc.",0.3051298091961215
EVR,Evercore Partners Inc.,0.30480620155038757
AXR,AMREP Corporation,0.30434782608695654
SYNC,"Synacor, Inc.",0.30188679245283
AOSL,"Alpha & Omega Semiconductor, Ltd.",0.30156249999999996
VRTS,"Virtus Investment Partners, Inc.",0.3007105706541646
MPWR,Monolithic Power Systems Inc.,0.3006271495043495
HNRG,Hallador Energy Company,0.2995461422087745
EGAN,eGain Corporation,0.29691876750700286
CCNE,CNB Financial Corp.,0.2940038684719536
RVSB,Riverview Bancorp Inc.,0.2931034482758622
PKOH,Park-Ohio Holdings Corp.,0.2930923176242738
GTLS,Chart Industries Inc.,0.29243502250617104
MSTR,MicroStrategy Inc.,0.2922451269106717
MAT,"Mattel, Inc.",0.29079307201458515
CTS,CTS Corporation,0.2905373276271992
CLDX,"Celldex Therapeutics, Inc.",0.2890995260663507
SWN,Southwestern Energy Co.,0.28688524590163944
HTZ,"Hertz Global Holdings, Inc.",0.28676470588235287
FORM,FormFactor Inc.,0.2816962353959326
IDN,"Intellicheck Mobilisa, Inc.",0.27543035993740234
SSTK,"Shutterstock, Inc.",0.2753151687677918
LCUT,"Lifetime Brands, Inc.",0.27263045793397217
RICK,Rick's Cabaret International Inc.,0.2724987430869783
DIOD,Diodes Incorporated,0.27103758169934633
PTSI,"P.A.M. Transportation Services, Inc.",0.2707412223667099
RNWK,RealNetworks Inc.,0.2692307692307691
NTN,NTN Buzztime Inc.,0.26900584795321636
ETH,Ethan Allen Interiors Inc.,0.2671586715867159
DAR,Darling International Inc.,0.2666666666666668
ITRI,"Itron, Inc.",0.2664347826086955
MELI,"Mercadolibre, Inc.",0.2656230407901464
LOGI,Logitech International SA,0.26447349518747304
NNBR,NN Inc.,0.26434426229508196
STRL,Sterling Construction Co. Inc.,0.2635135135135134
IKNX,Ikonics Corp.,0.26271186440677957
HLIT,Harmonic Inc.,0.2625000000000001
AMRS,"Amyris, Inc.",0.26033057851239666
CCRN,"Cross Country Healthcare, Inc.",0.2602965403624382
SAM,Boston Beer Co. Inc.,0.2602945423043603
CTHR,Charles & Colvard Ltd.,0.25714285714285723
ANDE,"The Andersons, Inc.",0.25328428796636887
CRMD,"CorMedix, Inc.",0.2526766595289079
OBCI,Ocean Bio-Chem Inc.,0.25193798449612387
BYFC,Broadway Financial Corporation,0.2516129032258064
MYRG,"MYR Group, Inc.",0.25070501974055276
GBR,"New Concept Energy, Inc.",0.25000000000000006
HRB,nan,0.24999999999999986
LQDT,"Liquidity Services, Inc.",0.24867724867724866
CHMG,Chemung Financial Corporation,0.24745762711864397
RRC,Range Resources Corporation,0.24520547945205481
SXC,SunCoke Energy Inc.,0.24464831804281353
GIFI,Gulf Island Fabrication Inc.,0.24390243902439016
CARV,"Carver Bancorp, Inc.",0.24373956594323873
UNB,"Union Bankshares, Inc.",0.24369323915237126
GE,General Electric Company,0.24267100977198702
CLW,Clearwater Paper Corporation,0.24194053208137717
MCF,Contango Oil & Gas Company,0.23913043478260876
CFFN,"Capitol Federal Financial, Inc.",0.23728813559322037
UA,"Under Armour, Inc.",0.23689320388349508
CLNY,"Colony Financial, Inc.",0.23484848484848472
PBIP,"Prudential Bancorp, Inc.",0.23399999999999999
AMSC,American Superconductor Corporation,0.2339901477832512
IIVI,II-VI Incorporated,0.23366440146366976
REFR,Research Frontiers Inc.,0.23333333333333336
NL,NL Industries Inc.,0.2313829787234043
GEVO,"Gevo, Inc.",0.22988505747126445
PNM,"PNM Resources, Inc.",0.2295404276234948
IPGP,IPG Photonics Corporation,0.22900294695481344
OCC,Optical Cable Corp.,0.22764227642276424
ACIW,"ACI Worldwide, Inc.",0.22718594883543333
JOE,The St. Joe Company,0.22605893186003684
DECK,Deckers Outdoor Corp.,0.2258513857533984
SLM,SLM Corporation,0.22564102564102573
TYL,"Tyler Technologies, Inc.",0.2252688986517193
FUNC,First United Corporation,0.2245454545454546
ABCB,Ameris Bancorp,0.2228283676038608
EXLS,"Exlservice Holdings, Inc.",0.22254616132167154
WBS,Webster Financial Corp.,0.221578566256336
CVCY,Central Valley Community Bancorp,0.2192691029900333
HNI,HNI Corp.,0.2190221031480241
INSM,Insmed Incorporated,0.21878088962108733
CLCT,Collectors Universe Inc.,0.2174088253072738
LCI,"Lannett Company, Inc.",0.2170138888888889
R,"Ryder System, Inc.",0.21650943396226416
WDFC,WD-40 Company,0.21618126325591014
MXL,"MaxLinear, Inc.",0.21563460693895478
BMI,Badger Meter Inc.,0.21486680491306429
WETF,"WisdomTree Investments, Inc.",0.21472392638036816
LIVE,"LiveDeal, Inc.",0.21412803532008823
SKT,Tanger Factory Outlet Centers Inc.,0.2137809187279152
ALTR,Altera Corp.,0.21326164874551964
RUSHB,"Rush Enterprises, Inc.",0.21240799158780238
MLM,Martin Marietta Materials Inc.,0.21216740576496693
BG,Bunge Limited,0.2112432432432433
POR,Portland General Electric Company,0.21075968075672488
SXT,Sensient Technologies Corporation,0.2106804478897503
ARNA,"Arena Pharmaceuticals, Inc.",0.21059681500223257
BKD,Brookdale Senior Living Inc.,0.2105263157894737
VCRA,"Vocera Communications, Inc.",0.21023359288097893
MKTX,MarketAxess Holdings Inc.,0.21015481216845283
IPI,"Intrepid Potash, Inc.",0.20989010989010992
LSCC,Lattice Semiconductor Corporation,0.20891364902506965
CRK,Comstock Resources Inc.,0.20883534136546167
ZBRA,Zebra Technologies Corp.,0.20878770994189302
IIIN,Insteel Industries Inc.,0.20861297539149892
RNST,Renasant Corp.,0.20750825082508256
TRT,Trio-Tech International,0.20738636363636362
CFBK,Central Federal Corp.,0.20717488789237673
WAL,Western Alliance Bancorporation,0.20600858369098698
SNV,Synovus Financial Corporation,0.20494382022471905
MTSC,MTS Systems Corporation,0.2038834951456311
AMG,Affiliated Managers Group Inc.,0.20357738365923916
DY,Dycom Industries Inc.,0.2035600986958055
HSKA,Heska Corporation,0.2033796620337965
PNW,Pinnacle West Capital Corporation,0.20307948397836037
GEF,"Greif, Inc.",0.20237437879624512
SPTN,Spartan Stores Inc.,0.20233918128654954
CDXS,"Codexis, Inc.",0.20166666666666666
HBNC,Horizon Bancorp,0.20113851992409879
EDUC,Educational Development Corporation,0.20066006600660072
ANGO,AngioDynamics Inc.,0.2006507592190889
VIVO,"Meridian Bioscience, Inc.",0.20039292730844785
AVAV,"AeroVironment, Inc.",0.2000309645455953
CDR,"Cedar Realty Trust, Inc.",0.20000000000000004
FDX,FedEx Corporation,0.1997969027671998
PPBI,Pacific Premier Bancorp Inc.,0.19909909909909917
MBWM,Mercantile Bank Corp.,0.1990049751243781
BSET,"Bassett Furniture Industries, Incorporated",0.19861963190184062
SCS,Steelcase Inc.,0.19761668321747766
TER,Teradyne Inc.,0.1976047904191618
SMLP,"Summit Midstream Partners, LP",0.1971830985915493
ASUR,"Asure Software, Inc.",0.19665271966527198
HAE,Haemonetics Corporation,0.1949720670391062
TITN,"Titan Machinery, Inc.",0.19479553903345734
FSLR,"First Solar, Inc.",0.19465435208508272
CROX,"Crocs, Inc.",0.1937755565651975
CCK,Crown Holdings Inc.,0.19329284393979404
FSBW,"FS Bancorp, Inc.",0.19246031746031741
BYD,Boyd Gaming Corporation,0.19243986254295536
BOCH,Bank of Commerce Holdings,0.19203413940256053
TC,Thompson Creek Metals Company Inc.,0.19148936170212785
SEB,Seaboard Corp.,0.19104647160068838
ACU,Acme United Corp.,0.19028871391076121
VMI,"Valmont Industries, Inc.",0.19014423076923082
BFAM,"Bright Horizons Family Solutions, Inc.",0.1893434823977165
ACM,AECOM Technology Corporation,0.1889259164316843
FTEK,"Fuel-Tech, Inc.",0.1884057971014493
RM,Regional Management Corp.,0.18794520547945204
FNLC,"The First Bancorp, Inc.",0.18780727630285154
FBP,First Bancorp,0.1871657754010695
ICAD,"iCAD, Inc.",0.18595041322314057
FSI,Flexible Solutions International Inc.,0.18595041322314057
MOH,"Molina Healthcare, Inc.",0.18557563587684076
CAR,"Avis Budget Group, Inc.",0.1852069269151747
MNKD,MannKind Corp.,0.18497109826589586
GDOT,Green Dot Corporation,0.1849355797819623
NEO,Neogenomics Inc.,0.18384879725085915
AEIS,"Advanced Energy Industries, Inc.",0.18370346178967983
UCTT,Ultra Clean Holdings Inc.,0.18314099347717003
CRY,CryoLife Inc.,0.18287461773700295
SIVB,SVB Financial Group,0.18230413275889576
STMP,Stamps.com Inc.,0.18224966591401323
FBNC,First Bancorp,0.18221574344023325
TAT,TransAtlantic Petroleum Ltd.,0.18181818181818185
BXS,"BancorpSouth, Inc.",0.18164344065353202
MTX,Minerals Technologies Inc.,0.18141503729086877
GM,General Motors Company,0.1812059012187299
CONN,Conns Inc.,0.18068535825545154
ADTN,ADTRAN Inc.,0.18060836501901145
CBAN,Colony Bankcorp Inc.,0.18055555555555547
FULT,Fulton Financial Corporation,0.1796218487394959
SPLK,"Splunk, Inc.",0.178798932868732
HIBB,"Hibbett Sports, Inc.",0.17799094058086862
SMMF,Summit Financial Group Inc.,0.17791798107255533
CUTR,"Cutera, Inc.",0.17789757412398924
CPST,Capstone Turbine Corp.,0.17772511848341233
RGEN,Repligen Corporation,0.17751202565473004
SRI,Stoneridge Inc.,0.17736230419403748
CBLI,"Cleveland BioLabs, Inc.",0.17647058823529418
IDXX,"IDEXX Laboratories, Inc.",0.17534741218951752
CMRX,"Chimerix, Inc.",0.175
VECO,Veeco Instruments Inc.,0.1749773345421579
WTFC,Wintrust Financial Corporation,0.1744322172793256
TSBK,"Timberland Bancorp, Inc.",0.17427616926503334
EXTR,Extreme Networks Inc.,0.17424242424242434
BSRR,Sierra Bancorp,0.17393705135284385
POOL,Pool Corp.,0.17293598806667093
STL,Sterling Bancorp.,0.17271157167530224
MAYS,JW Mays Inc.,0.17270788912579949
DFS,Discover Financial Services,0.1726159682703914
LPSN,LivePerson Inc.,0.1724759615384615
UMPQ,Umpqua Holdings Corporation,0.17162872154115594
UTHR,United Therapeutics Corporation,0.1711178939336131
HY,"Hyster-Yale Materials Handling, Inc.",0.17106950500128223
QNST,"QuinStreet, Inc.",0.17053206002728513
MTZ,"MasTec, Inc.",0.16979835013748845
HTBK,Heritage Commerce Corp.,0.16888888888888884
RUSHA,"Rush Enterprises, Inc.",0.1687329906259449
DLA,Delta Apparel Inc.,0.1678832116788322
SF,Stifel Financial Corp.,0.16769374416433247
UUU,Universal Security Instruments Inc.,0.16756756756756758
RELV,"Reliv International, Inc.",0.1672025723472669
TTGT,"TechTarget, Inc.",0.16712260631683656
AXTI,AXT Inc.,0.166
MITK,"Mitek Systems, Inc.",0.16515276630883569
VC,Visteon Corporation,0.16508019298474375
PEBO,Peoples Bancorp Inc.,0.1648351648351648
BOH,Bank of Hawaii Corporation,0.16445027158643943
BBSI,Barrett Business Services Inc.,0.1643139469226425
BLK,"BlackRock, Inc.",0.16429171690598843
LNN,Lindsay Corporation,0.16424870466321237
CASS,"Cass Information Systems, Inc.",0.16384180790960443
AVY,Avery Dennison Corporation,0.16361546671045077
LRCX,Lam Research Corporation,0.16329213778595847
ORN,"Orion Marine Group, Inc",0.16279069767441856
TROW,"T. Rowe Price Group, Inc.",0.16238913743034297
SYPR,Sypris Solutions Inc.,0.16190476190476183
WD,"Walker & Dunlop, Inc.",0.16085090501959315
PEG,Public Service Enterprise Group Inc.,0.16082317073170743
ZIXI,Zix Corporation,0.16071428571428578
FCF,First Commonwealth Financial Corp.,0.16010165184243974
MORN,Morningstar Inc.,0.1596606974552309
GFF,Griffon Corporation,0.1587701612903225
APAM,Artisan Partners Asset Management Inc.,0.15827530798071762
ENTG,"Entegris, Inc.",0.15816703621581651
BECN,"Beacon Roofing Supply, Inc.",0.15808344198174712
CNC,Centene Corp.,0.15802129852284444
HSC,Harsco Corporation,0.15797207935341664
CREE,"Cree, Inc.",0.15788633461047255
NSP,"Insperity, Inc.",0.15769636665159065
VHC,VirnetX Holding Corp,0.1574803149606299
ALG,"Alamo Group, Inc.",0.15697889670492404
SD,"SandRidge Energy, Inc.",0.1566265060240964
SEM,Select Medical Holdings Corporation,0.15618762475049913
AB,AllianceBernstein Holding L.P.,0.15567765567765568
FRBK,Republic First Bancorp Inc.,0.15533980582524265
BEN,Franklin Resources Inc.,0.15522388059701478
GVA,Granite Construction Incorporated,0.15489749430523933
FBIZ,"First Business Financial Services, Inc.",0.15465268676277857
TTEK,Tetra Tech Inc.,0.1540294627383017
COHR,Coherent Inc.,0.1534939096986904
AEL,American Equity Investment Life Holding Co.,0.15296703296703298
AVID,"Avid Technology, Inc.",0.15289765721331694
OFIX,Orthofix International N.V.,0.152892561983471
BOOM,Dynamic Materials Corp.,0.15285053929121706
GNRC,Generac Holdings Inc.,0.15176534492123844
SWM,Schweitzer-Mauduit International Inc.,0.1515356058049274
SO,Southern Company,0.15115399167612564
AMKR,"Amkor Technology, Inc.",0.15077989601386485
TCBK,TriCo Bancshares,0.15058645478622779
AES,The AES Corporation,0.15041782729805012
ARTW,Art's-Way Manufacturing Co. Inc.,0.15021459227467815
BKE,"The Buckle, Inc.",0.14983863531581373
CUBI,"Customers Bancorp, Inc.",0.14967105263157898
SONA,Southern National Bancorp of Virginia Inc.,0.14925373134328346
BANR,Banner Corporation,0.14873603762492635
GPX,GP Strategies Corp.,0.14855875831485588
XLNX,Xilinx Inc.,0.14844671647660238
BKU,"BankUnited, Inc.",0.1483375959079284
FIBK,First Interstate Bancsystem Inc.,0.1478477854023704
B,Barnes Group Inc.,0.14765489287782285
NWPX,Northwest Pipe Co.,0.1474793077501882
OFG,OFG Bancorp,0.1465648854961832
SGEN,Seattle Genetics Inc.,0.14628325280866172
VALU,"Value Line, Inc.",0.14608555286521377
F,Ford Motor Co.,0.14606741573033707
FBMS,First Bancshares Inc.,0.14593850390087196
MOD,Modine Manufacturing Company,0.1453674121405751
MEI,"Methode Electronics, Inc.",0.14508138711960358
DHIL,Diamond Hill Investment Group Inc.,0.14482264991251784
SPSC,"SPS Commerce, Inc.",0.14476291110817605
DAIO,Data I/O Corp.,0.14461538461538467
HCSG,Healthcare Services Group Inc.,0.14451988360814744
BIOC,"Biocept, Inc.",0.14430379746835428
MRCY,"Mercury Systems, Inc.",0.14385185185185176
AEP,"American Electric Power Co., Inc.",0.14363953198904644
PODD,Insulet Corporation,0.1434138737334371
REX,REX American Resources Corporation,0.14328945377515506
SFE,"Safeguard Scientifics, Inc.",0.14312267657992575
RF,Regions Financial Corporation,0.14262023217247088
DNKN,"Dunkin' Brands Group, Inc.",0.14243437982501297
NX,Quanex Building Products Corporation,0.14155251141552513
CEMI,"Chembio Diagnostics, Inc.",0.14120370370370355
HCKT,"The Hackett Group, Inc.",0.14116652578191038
MTN,Vail Resorts Inc.,0.1408688509628548
COWN,"Cowen Group, Inc.",0.1407363420427554
BOKF,BOK Financial Corporation,0.14007285974499098
POWI,Power Integrations Inc.,0.1400295967443581
CTG,Computer Task Group Inc.,0.14000000000000004
ST,Sensata Technologies Holding NV,0.13986013986013987
CNO,"CNO Financial Group, Inc.",0.13979773944080914
ALOT,"Astro-Med, Inc.",0.13835616438356174
LFUS,Littelfuse Inc.,0.13835347007586404
WDR,"Waddell & Reed Financial, Inc.",0.13755900202292656
IP,International Paper Company,0.1375337092424614
WTS,"Watts Water Technologies, Inc.",0.13685061653527397
JMP,JMP Group Inc.,0.13675213675213688
SGMA,SigmaTron International Inc.,0.13592233009708737
QCOM,QUALCOMM Incorporated,0.13590692755156003
HEES,nan,0.13567593948267453
SUMR,"Summer Infant, Inc.",0.13565891472868233
CTRN,"Citi Trends, Inc.",0.13526767470371895
COHU,"Cohu, Inc.",0.13459268004722535
EBMT,"Eagle Bancorp Montana, Inc.",0.13445378151260495
MOFG,"MidWest One Financial Group, Inc.",0.13428280773143442
GB,"Greatbatch, Inc.",0.1338582677165355
SRE,Sempra Energy,0.1338302558021346
ZEUS,Olympic Steel Inc.,0.13380909901873325
DGX,Quest Diagnostics Inc.,0.13336899349202097
ADES,"Advanced Emissions Solutions, Inc.",0.13333333333333333
LH,Laboratory Corp. of America Holdings,0.1330202588325234
PB,Prosperity Bancshares Inc.,0.13298890164561813
HMST,"HomeStreet, Inc.",0.13294587722484563
WTM,"White Mountains Insurance Group, Ltd.",0.13270621253924464
PNFP,Pinnacle Financial Partners Inc.,0.1325814536340852
ARKR,Ark Restaurants Corp.,0.13235294117647073
DCT,DCT Industrial Trust Inc.,0.13220918866080147
FLS,Flowserve Corp.,0.13190730837789658
SNX,SYNNEX Corp.,0.13180225768781634
FHN,First Horizon National Corporation,0.13176710929519928
NTGR,Netgear Inc.,0.13166449934980495
KOP,Koppers Holdings Inc.,0.13150807899461397
CMA,Comerica Incorporated,0.13146341463414635
AIMC,Altra Industrial Motion Corp.,0.13124684502776385
PNBK,Patriot National Bancorp Inc.,0.13065326633165833
EBSB,"Meridian Interstate Bancorp, Inc.",0.13063063063063074
VSH,Vishay Intertechnology Inc.,0.13062777425491431
LECO,Lincoln Electric Holdings Inc.,0.13009958239640224
FARO,FARO Technologies Inc.,0.12991304347826085
KFY,Korn/Ferry International,0.12953910614525144
IDRA,"Idera Pharmaceuticals, Inc.",0.1293532338308459
SCHW,The Charles Schwab Corporation,0.1293031066330816
TBI,"TrueBlue, Inc.",0.12928921568627447
MMSI,"Merit Medical Systems, Inc.",0.1283114489748906
USEG,US Energy Corp.,0.12798264642082424
CEVA,CEVA Inc.,0.12743316895925244
PDEX,Pro-Dex Inc.,0.1273074474856779
MLAB,Mesa Laboratories Inc.,0.12706216984965465
CRUS,Cirrus Logic Inc.,0.1269153897401732
CBSH,"Commerce Bancshares, Inc.",0.12689996465182043
ESGR,Enstar Group Limited,0.12632508833922268
SBCF,Seacoast Banking Corp. of Florida,0.12631027253668764
CVGI,Commercial Vehicle Group Inc.,0.12617702448210938
NWE,Northwestern Corporation,0.12549960031974422
CYCC,"Cyclacel Pharmaceuticals, Inc.",0.12537313432835817
PKG,Packaging Corporation of America,0.12527140564523737
ZNGA,"Zynga, Inc.",0.12514898688915363
PRGS,Progress Software Corporation,0.12514285714285722
FSFG,"First Savings Financial Group, Inc.",0.1250515039142975
AAME,Atlantic American Corp.,0.125
MOSY,"MoSys, Inc.",0.12499999999999997
JBL,Jabil Circuit Inc.,0.12496065470569728
BCOR,"Blucora, Inc.",0.12462006079027362
CYCCP,"Cyclacel Pharmaceuticals, Inc.",0.12423625254582472
PAG,"Penske Automotive Group, Inc.",0.1241843393148451
HALO,"Halozyme Therapeutics, Inc.",0.12314915131816541
WSFS,WSFS Financial Corp.,0.12307152875175321
MFNC,Mackinac Financial Corporation,0.1230448383733055
USNA,USANA Health Sciences Inc.,0.12279325225578659
FE,FirstEnergy Corp.,0.1227242076871206
SYKE,"Sykes Enterprises, Incorporated",0.12248685431487785
FCX,Freeport-McMoRan Copper & Gold Inc.,0.12224938875305624
NOW,"ServiceNow, Inc.",0.12214557044928609
POST,"Post Holdings, Inc.",0.12213740458015265
XEC,Cimarex Energy Co.,0.12204881952781116
ALEX,"Alexander & Baldwin, Inc.",0.12190812720848047
STE,Steris Corp.,0.12185200693904412
LYTS,LSI Industries Inc.,0.12158054711246198
APH,Amphenol Corporation,0.12146469376287693
FLIC,The First of Long Island Corporation,0.12108843537414975
PW,Power REIT,0.12073945696129405
ERII,"Energy Recovery, Inc.",0.12023121387283227
HMG,HMG/Courtland Properties Inc.,0.12020725388601038
DHR,Danaher Corp.,0.11990373044524667
HOLX,Hologic Inc.,0.11970321516900244
ALXN,"Alexion Pharmaceuticals, Inc.",0.11856144223693893
TW,Towers Watson & Co.,0.1185500277418161
GFN,General Finance Corporation,0.11848341232227488
ACAD,ACADIA Pharmaceuticals Inc.,0.11810411810411817
MTOR,"Meritor, Inc.",0.11794871794871803
PFBI,Premier Financial Bancorp Inc.,0.11744680851063836
OCFC,OceanFirst Financial Corp.,0.1172185430463577
NICK,Nicholas Financial Inc.,0.1169757489300999
OSBC,Old Second Bancorp Inc.,0.11694510739856785
CSII,Cardiovascular Systems Inc.,0.1168905401543297
IBTX,"Independent Bank Group, Inc.",0.1166453810131972
TXRH,"Texas Roadhouse, Inc.",0.11651234567901231
LZB,La-Z-Boy Incorporated,0.11647203441917638
SWI,"SolarWinds, Inc.",0.11619537275064276
IGC,"India Globalization Capital, Inc.",0.11607142857142846
VMC,Vulcan Materials Company,0.11562068436397109
CSV,Carriage Services Inc.,0.11536728255971151
PRIM,Primoris Services Corporation,0.11446119486320495
WHR,Whirlpool Corp.,0.11422947131608549
HBI,Hanesbrands Inc.,0.11406844106463872
FWRD,Forward Air Corp.,0.11404753458673288
AIG,"American International Group, Inc.",0.11386308909528732
LUB,"Luby's, Inc.",0.11382113821138222
BLL,Ball Corporation,0.11335254562920266
WLFC,Willis Lease Finance Corp.,0.11317981381675643
WSBF,"Waterstone Financial, Inc.",0.11314584695879663
PROV,"Provident Financial Holdings, Inc.",0.11310008136696506
FL,"Foot Locker, Inc.",0.11307024909040041
AFG,American Financial Group Inc.,0.11288901937756896
CLIR,Clearsign Combustion Corp.,0.11255411255411246
PEBK,"Peoples Bancorp of North Carolina, Inc.",0.11241907004120072
GLUU,"Glu Mobile, Inc.",0.11204481792717097
LUNA,Luna Innovations Incorporated,0.11164274322169063
GRA,W.R. Grace & Co.,0.11141552511415531
FITB,Fifth Third Bancorp,0.11101000909918113
NRP,Natural Resource Partners LP,0.11080332409972292
CGA,"China Green Agriculture, Inc.",0.11068702290076336
NSIT,Insight Enterprises Inc.,0.11063754217723311
PDCO,"Patterson Companies, Inc.",0.11056511056511052
MOV,"Movado Group, Inc.",0.11053089643167968
SEAS,"SeaWorld Entertainment, Inc.",0.10997204100652373
ORBC,"ORBCOMM, Inc.",0.10928961748633864
SXI,Standex International Corporation,0.10891426623487302
BZH,Beazer Homes USA Inc.,0.10887096774193546
ROL,Rollins Inc.,0.10885982685577461
NSSC,"Napco Security Technologies, Inc.",0.10859929078014198
SNA,Snap-on Inc.,0.10835568932801133
RBCAA,Republic Bancorp Inc.,0.10828834550651001
CSOD,"Cornerstone OnDemand, Inc.",0.10787913018921211
BPFH,"Boston Private Financial Holdings, Inc.",0.10774410774410768
MASI,Masimo Corporation,0.10760667903525047
Y,Alleghany Corporation,0.10740259740259737
ABG,"Asbury Automotive Group, Inc.",0.10703648548026806
ADSK,"Autodesk, Inc.",0.1069921246138449
PEGA,Pegasystems Inc.,0.10668645395333484
CZWI,"Citizens Community Bancorp, Inc.",0.10650887573964507
BPOP,"Popular, Inc.",0.10643431635388757
TMO,"Thermo Fisher Scientific, Inc.",0.10612762036397141
HUN,Huntsman Corporation,0.10579016107966913
NPO,"EnPro Industries, Inc.",0.1055151622628126
HTH,Hilltop Holdings Inc.,0.10545084055017832
TPC,Tutor Perini Corporation,0.10530546623794217
FFBC,First Financial Bancorp.,0.10518292682926836
CAT,Caterpillar Inc.,0.10492856206580148
FTNT,Fortinet Inc.,0.10482162528599262
FCCY,1st Constitution Bancorp,0.10461285008237228
LEA,Lear Corp.,0.10453276400065684
NYMT,New York Mortgage Trust Inc.,0.10440171619259492
CNBKA,Century Bancorp Inc.,0.10349962769918077
HTBI,"HomeTrust Bancshares, Inc.",0.10349462365591404
WTT,Wireless Telecom Group Inc.,0.10317460317460309
SNPS,Synopsys Inc.,0.10314294054685229
Z,"Zillow, Inc.",0.10300527643955024
DRAD,Digirad Corporation,0.10294117647058816
INFI,"Infinity Pharmaceuticals, Inc.",0.10280373831775688
FLT,"FleetCor Technologies, Inc.",0.10279101429543906
GSBC,Great Southern Bancorp Inc.,0.10277410832232498
BANC,"Banc of California, Inc.",0.10270270270270276
LKFN,Lakeland Financial Corp.,0.10262155500784222
ASTE,"Astec Industries, Inc.",0.1026036644165863
HUM,Humana Inc.,0.10250620347394541
SE,Spectra Energy Corp.,0.10242186442971192
TFSL,TFS Financial Corp,0.10235690235690245
LGL,"The LGL Group, Inc.",0.1021634615384615
RCII,"Rent-A-Center, Inc.",0.10191725529767903
AOS,AO Smith Corp.,0.10168471720818292
PACW,PacWest Bancorp,0.10160427807486642
ASRV,"AmeriServ Financial, Inc.",0.10150375939849623
CIR,"CIRCOR International, Inc.",0.10128913443830571
CWT,California Water Service Group,0.10125714285714285
HFWA,Heritage Financial Corp.,0.10090817356205853
DE,Deere & Company,0.10088243404724694
MCHP,Microchip Technology Inc.,0.10087075628607771
SWX,Southwest Gas Corporation,0.1008590518612791
TRV,"The Travelers Companies, Inc.",0.100559147300367
CPRT,"Copart, Inc.",0.10042364721740811
LEDS,SemiLEDs Corporation,0.10035842293906803
IPHI,Inphi Corporation,0.10024177050399838
WSBC,WesBanco Inc.,0.10017652250661957
FORR,Forrester Research Inc.,0.10017371163867982
MIDD,Middleby Corp.,0.09988867523530011
DUK,Duke Energy Corporation,0.0995496563166628
ED,"Consolidated Edison, Inc.",0.09943411479385604
SNFCA,Security National Financial Corp.,0.09922480620155033
DGICB,Donegal Group Inc.,0.09913793103448279
OTTR,Otter Tail Corporation,0.0990578734858681
UGI,UGI Corporation,0.09898866074164868
BUSE,First Busey Corporation,0.09870740305522913
PRGX,"PRGX Global, Inc.",0.09868421052631583
CAG,"ConAgra Foods, Inc.",0.09858340560855727
STBA,nan,0.09841107124551501
MXIM,"Maxim Integrated Products, Inc.",0.09826676714393384
UNTY,Unity Bancorp Inc.,0.09825673534072903
HOMB,"Home Bancshares, Inc.",0.09801488833746887
SCCO,Southern Copper Corp.,0.09761250792309327
PLAB,Photronics Inc.,0.09745762711864407
MAN,ManpowerGroup Inc.,0.09740449110527861
TREE,"Tree.Com, Inc.",0.09735611339123802
ALSN,"Allison Transmission Holdings, Inc.",0.09702127659574473
MTG,MGIC Investment Corp.,0.09697601668404586
TIF,Tiffany & Co.,0.09696323921150773
CGNX,Cognex Corporation,0.09694117647058834
CODI,Compass Diversified Holdings,0.09692956050571941
DRRX,DURECT Corporation,0.09659090909090905
SWK,"Stanley Black & Decker, Inc.",0.09645826917154295
TEN,Tenneco Inc.,0.09642857142857149
LBAI,Lakeland Bancorp Inc.,0.09590316573556791
HMTV,"Hemisphere Media Group, Inc.",0.09585798816568054
CNOB,"ConnectOne Bancorp, Inc.",0.09568106312292343
AMBA,"Ambarella, Inc.",0.09566717791411047
BRKS,"Brooks Automation, Inc.",0.09565608822867432
TREX,Trex Co. Inc.,0.09563974267333807
GPRE,"Green Plains Renewable Energy, Inc.",0.09559322033898306
PAYX,"Paychex, Inc.",0.09546508631795923
VSEC,VSE Corp.,0.09528795811518327
GES,Guess' Inc.,0.09482758620689662
OFED,Oconee Federal Financial Corp.,0.09476534296028888
AGCO,AGCO Corporation,0.0946338884483214
ACI,Arch Coal Inc.,0.09446494464944644
DLB,"Dolby Laboratories, Inc.",0.09412662090007631
SCSC,"ScanSource, Inc.",0.09411146161934801
GNTX,Gentex Corp.,0.09401709401709406
AMSWA,"American Software, Inc.",0.09370629370629369
HRC,"Hill-Rom Holdings, Inc.",0.09351325757575747
MSEX,Middlesex Water Co.,0.09333333333333338
IEC,IEC Electronics Corp.,0.09321058688147302
XPO,"XPO Logistics, Inc.",0.09308724062822411
IDA,"IdaCorp, Inc.",0.09268351095677158
SR,The Standard Register Company,0.09253397877490223
ADP,"Automatic Data Processing, Inc.",0.09248004686241484
COST,Costco Wholesale Corporation,0.09238306310509742
AAON,AAON Inc.,0.09216101694915252
SASR,Sandy Spring Bancorp Inc.,0.09205020920502105
AMP,"Ameriprise Financial, Inc.",0.09203358328526556
ADM,Archer Daniels Midland Company,0.09199999999999994
VLY,Valley National Bancorp,0.09189189189189186
AAWW,Atlas Air Worldwide Holdings Inc.,0.09187034148032595
STLD,Steel Dynamics Inc.,0.09182305630026805
COLB,Columbia Banking System Inc.,0.09147286821705423
FRME,First Merchants Corporation,0.09090909090909097
BKH,Black Hills Corporation,0.09065883648375844
YUM,"Yum! Brands, Inc.",0.09055669215031761
BGCP,"BGC Partners, Inc.",0.0905349794238682
AEGN,Aegion Corporation,0.09002770083102499
BCPC,Balchem Corp.,0.08985024958402663
NKE,"Nike, Inc.",0.08978873239436626
DRI,"Darden Restaurants, Inc.",0.0896649879570834
CVBF,CVB Financial Corp.,0.08951707891637217
EWBC,"East West Bancorp, Inc.",0.0894632206759443
GABC,German American Bancorp Inc.,0.08890420399724334
SRCL,"Stericycle, Inc.",0.08889607240989182
GSIT,GSI Technology Inc.,0.08882082695252681
SHOO,"Steven Madden, Ltd.",0.08881421027364386
SGC,Superior Uniform Group Inc.,0.08861340679522496
TTMI,TTM Technologies Inc.,0.08851884312007009
JAKK,"JAKKS Pacific, Inc.",0.08851674641148329
QADA,QAD Inc.,0.08844027877913962
WRLD,World Acceptance Corp.,0.08772500542181744
XYL,Xylem Inc.,0.08763804773779849
ORI,Old Republic International Corporation,0.08762886597938141
TTEC,TeleTech Holdings Inc.,0.0874336930674959
GRIF,Griffin Land & Nurseries Inc.,0.08731497095746682
ASYS,Amtech Systems Inc.,0.08703703703703698
FOE,Ferro Corporation,0.08699059561128522
SWKS,Skyworks Solutions Inc.,0.0868713259307642
DSPG,DSP Group Inc.,0.0868580060422961
ATI,Allegheny Technologies Inc.,0.08671171171171166
FLWS,1-800-Flowers.com Inc.,0.08658379768538377
ENS,EnerSys,0.08649202400117074
USB,U.S. Bancorp,0.08629441624365473
NI,NiSource Inc.,0.08623771224307417
SMSI,Smith Micro Software Inc.,0.08616187989556137
GLW,Corning Inc.,0.08613317043372022
GTS,Triple-S Management Corporation,0.08583925642427558
CDNS,Cadence Design Systems Inc.,0.08544027898866602
TECH,Techne Corp.,0.08538853400177883
SLAB,Silicon Laboratories Inc.,0.08475276143284807
ALE,"ALLETE, Inc.",0.08472276075998458
MKSI,"MKS Instruments, Inc.",0.08428311464419115
CAC,Camden National Corp.,0.0839002267573696
HURC,Hurco Companies Inc.,0.08362128541810636
NRIM,Northrim Bancorp Inc.,0.08359133126934984
ADI,"Analog Devices, Inc.",0.08358052695864594
NUE,Nucor Corporation,0.08354922279792741
EBTC,Enterprise Bancorp Inc.,0.08352350524874479
AEE,Ameren Corporation,0.0832683813977656
ROP,Roper Industries Inc.,0.08300694883133297
IART,Integra LifeSciences Holdings Corporation,0.08298388876627671
LNT,Alliant Energy Corporation,0.08293521880374553
SYK,Stryker Corporation,0.08275592856445793
TXN,Texas Instruments Inc.,0.08250920378257422
LEE,"Lee Enterprises, Incorporated",0.08235294117647067
HAIN,"The Hain Celestial Group, Inc.",0.08225508317929765
ROK,Rockwell Automation Inc.,0.08207958693136294
AIR,AAR Corp.,0.08206207259337184
AN,AutoNation Inc.,0.08168360977349738
RGS,Regis Corp.,0.08139534883720935
HTLF,"Heartland Financial USA, Inc.",0.08136321768498614
WAT,Waters Corporation,0.08120615744349176
IROQ,"IF Bancorp, Inc.",0.08111615833874107
PRA,ProAssurance Corporation,0.08109965635738829
CRVL,CorVel Corporation,0.08100820633059785
TAIT,Taitron Components Inc.,0.08085106382978721
HOFT,Hooker Furniture Corp.,0.08084800574919153
MYGN,Myriad Genetics Inc.,0.08062130177514792
THFF,First Financial Corp.,0.08046327339225846
HA,Hawaiian Holdings Inc.,0.08030726256983242
PBCT,People's United Financial Inc.,0.08026440037771479
ACLS,Axcelis Technologies Inc.,0.08016877637130806
BV,"Bazaarvoice, Inc.",0.08013355592654416
GOOG,Google Inc.,0.08011689747775264
CTB,Cooper Tire & Rubber Co.,0.08003442340791736
FET,"Forum Energy Technologies, Inc.",0.08000000000000007
MNTX,"Manitex International, Inc.",0.07990867579908688
AMS,American Shared Hospital Services,0.07978723404255315
FNB,F.N.B. Corporation,0.07977991746905091
DAN,Dana Holding Corporation,0.07975460122699386
ENV,"Envestnet, Inc.",0.0797073546399693
AMAT,"Applied Materials, Inc.",0.079525327665604
SLP,"Simulations Plus, Inc.",0.07950693374422182
TGT,Target Corp.,0.07942603071948257
STX,Seagate Technology Public Limited Company,0.07934482025101051
WPX,"WPX Energy, Inc.",0.07918552036199088
AIT,"Applied Industrial Technologies, Inc.",0.07893361212754837
BHB,Bar Harbor Bankshares,0.07890961262553794
CTBI,Community Trust Bancorp Inc.,0.07890392868933643
SPRT,"Support.com, Inc.",0.07881773399014787
CCBG,Capital City Bank Group Inc.,0.07879088206144697
PFIS,Peoples Financial Services Corp.,0.07871720116618085
MDC,MDC Holdings Inc.,0.07867679928475628
AWK,"American Water Works Company, Inc.",0.07838745800671905
ENSG,"The Ensign Group, Inc.",0.07829695110950755
HASI,"Hannon Armstrong Sustainable Infrastructure Capital, Inc.",0.07808319143760645
TKR,Timken Co.,0.07795178602850607
ADUS,Addus HomeCare Corporation,0.07754580315296124
SSNC,nan,0.07752066115702476
XOMA,XOMA Corporation,0.07736389684813741
HVT,Haverty Furniture Companies Inc.,0.07713248638838473
NGL,NGL Energy Partners LP,0.07671232876712336
INS,Intelligent Systems Corporation,0.07668067226890761
TOL,Toll Brothers Inc.,0.07653758542141229
OVLY,Oak Valley Bancorp,0.07652303120356607
SFNC,Simmons First National Corporation,0.07636363636363645
GBCI,"Glacier Bancorp, Inc.",0.07623188405797109
MTD,Mettler-Toledo International Inc.,0.07580261289696527
CG,The Carlyle Group LP,0.07559733646690167
WDAY,"Workday, Inc.",0.0754762247492922
DGII,Digi International Inc.,0.07525423728813556
UEIC,Universal Electronics Inc.,0.07519001085776318
ALV,"Autoliv, Inc.",0.07518987341772149
GLP,Global Partners LP,0.07507507507507508
NEE,"NextEra Energy, Inc.",0.07502128263337109
INVE,Identive Group Inc.,0.07500000000000002
WEN,The Wendy's Company,0.07489786654561954
HURN,Huron Consulting Group Inc.,0.07465321563682221
CMI,Cummins Inc.,0.07455598822300308
CB,The Chubb Corporation,0.07445036642238517
GNE,Genie Energy Ltd.,0.07433217189314757
TRC,Tejon Ranch Co.,0.07399425287356318
DLTR,"Dollar Tree, Inc.",0.07366171839856048
WLK,Westlake Chemical Corp.,0.07355805243445687
CI,Cigna Corp.,0.07355251672970622
UPS,"United Parcel Service, Inc.",0.07343574372424141
PDCE,"PDC Energy, Inc.",0.07340946166394782
XRAY,DENTSPLY International Inc.,0.0733784669141734
IIN,Intricon Corp.,0.07331136738056003
HUBB,Hubbell Inc.,0.07325776658270361
HOG,"Harley-Davidson, Inc.",0.07316202712348326
SKX,Skechers USA Inc.,0.07306365631859511
EGHT,8x8 Inc.,0.0730301089045484
EGHT,8x8 Inc.,0.0730301089045484
RJF,"Raymond James Financial, Inc.",0.07302553247784092
NHC,National Healthcare Corp.,0.07301740812379101
DCI,"Donaldson Company, Inc.",0.07292314066708092
FIZZ,National Beverage Corp.,0.07281912272055195
PCAR,PACCAR Inc.,0.0727188513200556
OC,Owens Corning,0.07266958755098961
MGPI,MGP Ingredients Inc.,0.07266168513269776
VPG,"Vishay Precision Group, Inc.",0.07242225859247134
EVTC,"EVERTEC, Inc.",0.07240356083086046
LNC,Lincoln National Corporation,0.07235890014471781
CSL,Carlisle Companies Incorporated,0.07229504192786787
MPB,Mid Penn Bancorp Inc.,0.07219251336898404
STRA,Strayer Education Inc.,0.07201783723522846
DJCO,Daily Journal Corp.,0.07191273860537607
TRMK,Trustmark Corporation,0.07183530442400353
CMP,Compass Minerals International Inc.,0.07182705718270567
FORD,Forward Industries Inc.,0.0714285714285715
UNH,UnitedHealth Group Incorporated,0.07139384904559753
WDC,Western Digital Corporation,0.07139188495120702
BR,"Broadridge Financial Solutions, Inc.",0.07130779975005505
FF,FutureFuel Corp.,0.0711835334476844
FCBC,"First Community Bancshares, Inc.",0.07105263157894744
FTK,Flotek Industries Inc.,0.07086614173228353
RXN,Rexnord Corporation,0.07086614173228346
CHCI,"Comstock Holding Companies, Inc.",0.07079646017699122
MNRO,Monro Muffler Brake Inc.,0.07074030552291434
CVLY,Codorus Valley Bancorp Inc.,0.07054263565891473
BRKL,"Brookline Bancorp, Inc.",0.07051282051282053
UBA,Urstadt Biddle Properties Inc.,0.07036247334754779
NCR,NCR Corp.,0.07019230769230773
FB,"Facebook, Inc.",0.07003569415743019
NPTN,NeoPhotonics Corporation,0.06995230524642296
VOYA,"Voya Financial, Inc.",0.06984320912237833
A,Agilent Technologies Inc.,0.06983071342200732
IESC,"Integrated Electrical Services, Inc.",0.06978824932895902
STON,Stonemor Partners LP,0.06976744186046518
CTSH,Cognizant Technology Solutions Corporation,0.06970702843123103
WSM,Williams-Sonoma Inc.,0.0695221696082651
ICCC,ImmuCell Corp.,0.06941838649155724
LDL,Lydall Inc.,0.06922196796338677
HMSY,HMS Holdings Corp.,0.0690178232840349
NGS,Natural Gas Services Group Inc.,0.06864988558352399
FIX,Comfort Systems USA Inc.,0.06864456079115763
FMBI,First Midwest Bancorp Inc.,0.06864406779661006
RRD,R.R. Donnelley & Sons Company,0.06837606837606844
RRD,R.R. Donnelley & Sons Company,0.06837606837606844
CBT,Cabot Corporation,0.06836495970886412
UVSP,Univest Corporation of Pennsylvania,0.06818181818181811
LUV,Southwest Airlines Co.,0.06814777833250117
COR,CoreSite Realty Corporation,0.06794349597018809
DG,Dollar General Corporation,0.06775040888139955
NRG,"NRG Energy, Inc.",0.06753329105897282
TEL,TE Connectivity Ltd.,0.06748343040771239
AVNW,"Aviat Networks, Inc.",0.06744298884036878
CPB,Campbell Soup Company,0.06726753132556595
BASI,Bioanalytical Systems Inc.,0.06720977596741345
MTW,"The Manitowoc Company, Inc.",0.06714628297362116
CAKE,The Cheesecake Factory Incorporated,0.06684056080860766
BRKR,Bruker Corporation,0.06683417085427146
DRIV,Digital River Inc.,0.06666666666666649
SJW,SJW Corp.,0.0663459943605906
PWOD,Penns Woods Bancorp Inc.,0.06634146341463412
AMNB,American National Bankshares Inc.,0.06622222222222215
PLCE,The Children,0.06611258027956177
RPM,RPM International Inc.,0.06608034228666511
URI,"United Rentals, Inc.",0.06603239324951861
EXR,Extra Space Storage Inc.,0.06584029461959938
CMCO,Columbus McKinnon Corporation,0.06568516421291054
COO,The Cooper Companies Inc.,0.06546106710506644
CZNC,Citizens & Northern Corp.,0.06543723973825114
IPG,"The Interpublic Group of Companies, Inc.",0.06497797356828192
AIQ,"Alliance Healthcare Services, Inc.",0.06496318752706799
MTSI,"M/A-Com Technology Solutions Holdings, Inc.",0.06456456456456475
THR,"Thermon Group Holdings, Inc.",0.06454545454545463
CRMT,America's Car-Mart Inc.,0.06450511945392477
NUS,Nu Skin Enterprises Inc.,0.06436827421283374
CMTL,Comtech Telecommunications Corp.,0.0643466841759685
THRM,Gentherm Incorporated,0.06431159420289863
WHLR,"Wheeler Real Estate Investment Trust, Inc.",0.06422018348623847
LULU,Lululemon Athletica Inc.,0.0640494551016507
DNB,Dun & Bradstreet Corp.,0.06396503774334522
MHH,"Mastech Holdings, Inc.",0.06394411606663092
NDSN,Nordson Corporation,0.06386468477703745
CBPO,"China Biologic Products, Inc.",0.06382178776200777
HSIC,"Henry Schein, Inc.",0.06370626078769825
JBLU,JetBlue Airways Corporation,0.06334125098970696
PCG,nan,0.06327800829875513
MCBC,Macatawa Bank Corp.,0.06320224719101127
UNM,Unum Group,0.06319702602230491
ATLO,Ames National Corporation,0.06310160427807486
ICFI,ICF International Inc.,0.06305094875242788
HI,"Hillenbrand, Inc.",0.06288032454361066
AME,Ametek Inc.,0.06282670874839733
SENEA,Seneca Foods Corp.,0.06282183316168892
LSI,LSI Corporation,0.06275691970402854
FFIC,Flushing Financial Corp.,0.06271477663230228
FMNB,Farmers National Banc Corp.,0.06260869565217397
PRO,"PROS Holdings, Inc.",0.06234256926952142
GIII,"G-III Apparel Group, Ltd.",0.062281315605318445
HSTM,Healthstream Inc.,0.06222000995520159
WTBA,"West Bancorp., Inc.",0.062130177514792946
TZOO,Travelzoo Inc.,0.06211180124223602
ANF,Abercrombie & Fitch Co.,0.062082777036048045
RFIL,"RF Industries, Ltd.",0.06206896551724149
CPSI,Computer Programs & Systems Inc.,0.06206644760861626
PGC,Peapack-Gladstone Financial Corp.,0.062010836845274
DGLY,Digital Ally Inc.,0.06153846153846148
AMOT,Allied Motion Technologies Inc.,0.06117475018279303
CHUY,"Chuy's Holdings, Inc.",0.060992262175694124
IBCP,Independent Bank Corporation,0.06083916083916078
RDNT,"RadNet, Inc.",0.060585885486018655
EXP,Eagle Materials Inc.,0.06055323105532303
TRNO,Terreno Realty Corp.,0.06031746031746022
GIS,"General Mills, Inc.",0.060236828556718684
BGS,nan,0.060195635816403366
FELE,"Franklin Electric Co., Inc.",0.060184409052808106
VRNT,Verint Systems Inc.,0.06018237082066867
GLT,PH Glatfelter Co.,0.059871703492516026
LL,"Lumber Liquidators Holdings, Inc.",0.059836418424451164
CAH,"Cardinal Health, Inc.",0.05970790378006875
SCHN,"Schnitzer Steel Industries, Inc.",0.059464816650148626
AMED,Amedisys Inc.,0.05940176348985366
QCRH,QCR Holdings Inc.,0.059081701553004726
EFC,Ellington Financial LLC,0.05882352941176474
SRCE,1st Source Corporation,0.05875299760191849
DCTH,"Delcath Systems, Inc.",0.05855018587360602
CWST,Casella Waste Systems Inc.,0.058353026722414124
FLOW,Flow International Corporation,0.05833333333333341
TDY,Teledyne Technologies Inc.,0.05818362653073901
CRL,"Charles River Laboratories International, Inc.",0.058179173673923966
BCEI,"Bonanza Creek Energy, Inc.",0.05802404600104545
SNSS,"Sunesis Pharmaceuticals, Inc.",0.05797101449275368
MRVL,Marvell Technology Group Ltd.,0.0579673135852912
CETV,Central European Media Enterprises Ltd.,0.057870370370370364
DLR,Digital Realty Trust Inc.,0.05766565012475737
EIG,"Employers Holdings, Inc.",0.05752356191095221
COG,Cabot Oil & Gas Corporation,0.05749596990865128
VG,Vonage Holdings Corporation,0.05736894164193868
AGYS,Agilysys Inc.,0.056962025316455604
UBP,Urstadt Biddle Properties Inc.,0.056804733727810704
AXS,AXIS Capital Holdings Limited,0.05673603504928814
CMG,"Chipotle Mexican Grill, Inc.",0.056731823956944004
CVGW,Calavo Growers Inc.,0.05671822869275112
FDP,Fresh Del Monte Produce Inc.,0.05656395103419163
APEI,"American Public Education, Inc.",0.056408425562299115
ARI,"Apollo Commercial Real Estate Finance, Inc.",0.05638665132336021
GGG,Graco Inc.,0.056351952545724206
HSON,"Hudson Global, Inc",0.056074766355140096
THG,The Hanover Insurance Group Inc.,0.05605730302086583
LHCG,"LHC Group, Inc.",0.05598558979601772
NVDA,NVIDIA Corporation,0.05577890423197193
FBSS,Fauquier Bankshares Inc.,0.055704697986577185
BREW,"Craft Brew Alliance, Inc.",0.05562659846547321
FFIV,"F5 Networks, Inc.",0.05524498520223621
ARTNA,Artesian Resources Corp.,0.055168408826945584
AIZ,Assurant Inc.,0.05475094181665962
TTI,"TETRA Technologies, Inc.",0.05454545454545439
LNDC,Landec Corp.,0.05452674897119335
PATK,Patrick Industries Inc.,0.05428360413589374
FN,Fabrinet,0.0540853456830962
MET,"MetLife, Inc.",0.05406797116374856
MTDR,Matador Resources Company,0.05392731535756165
GAIA,Gaiam Inc.,0.05389221556886237
IR,Ingersoll-Rand Plc,0.05368942731277541
BRT,BRT Realty Trust,0.05341002465078064
PFG,Principal Financial Group Inc.,0.05324298160697006
COLM,Columbia Sportswear Company,0.05319265853390487
FCEL,FuelCell Energy Inc.,0.05309734513274342
IVC,Invacare Corporation,0.05294117647058828
KRO,"Kronos Worldwide, Inc.",0.052870090634441036
INWK,InnerWorkings Inc.,0.052816901408450835
HE,Hawaiian Electric Industries Inc.,0.05279034690799397
NJR,New Jersey Resources Corp.,0.0527253295333096
MSFT,Microsoft Corporation,0.05267513752981838
PETS,"PetMed Express, Inc.",0.05252317198764165
IRBT,iRobot Corporation,0.05249968675604558
INTU,Intuit Inc.,0.052462627852085025
BIG,Big Lots Inc.,0.05240912933220619
CFR,"Cullen/Frost Bankers, Inc.",0.05221703617269542
AMD,"Advanced Micro Devices, Inc.",0.052118100128369545
NGVC,"Natural Grocers by Vitamin Cottage, Inc.",0.05204460966542756
ROG,Rogers Corporation,0.05182468021068478
AJG,Arthur J Gallagher & Co.,0.05174934216937922
CLR,"Continental Resources, Inc.",0.05151515151515163
FIVE,"Five Below, Inc.",0.051510989010989015
SEE,Sealed Air Corporation,0.051438757321110154
CYH,"Community Health Systems, Inc.",0.05128205128205133
WEC,Wisconsin Energy Corp.,0.05124511216299639
GBX,"The Greenbrier Companies, Inc.",0.051138353765324024
JCI,Johnson Controls Inc.,0.051136363636363556
WINA,Winmark Corp.,0.05106593951412977
AMRB,American River Bankshares,0.050830889540566915
TTWO,Take-Two Interactive Software Inc.,0.05080521472392649
ABC,AmerisourceBergen Corporation,0.05052854122621566
BRID,Bridgford Foods Corp.,0.050510783200908085
TWO,Two Harbors Investment Corp.,0.05048543689320384
PBHC,"Pathfinder Bancorp, Inc.",0.05046343975283197
IMMU,Immunomedics Inc.,0.050328750747160714
SKY,Skyline Corp.,0.04999999999999997
LAMR,Lamar Advertising Co.,0.0498866213151927
ITT,ITT Corporation,0.04987333755541491
CCC,Calgon Carbon Corporation,0.049838651846539996
ECHO,"Echo Global Logistics, Inc.",0.049605411499436314
ATRS,Antares Pharma Inc.,0.04946996466431099
RMD,ResMed Inc.,0.04930344550822676
ADS,Alliance Data Systems Corporation,0.049212173537664605
VNDA,"Vanda Pharmaceuticals, Inc.",0.04912998976458551
PRK,Park National Corp.,0.04902611775121743
ODP,"Office Depot, Inc.",0.048941176470588196
ITW,Illinois Tool Works Inc.,0.048865885218450276
PSA,Public Storage,0.04885645634955944
KWR,Quaker Chemical Corporation,0.048761033712644834
CNX,CONSOL Energy Inc.,0.04875804967801299
DTE,DTE Energy Company,0.04868443103737223
NTRS,Northern Trust Corporation,0.04857142857142853
OESX,"Orion Energy Systems, Inc",0.0485436893203883
MDU,MDU Resources Group Inc.,0.048243757934828636
ISBC,Investors Bancorp Inc.,0.04822335025380709
CVS,CVS Caremark Corporation,0.04819067501739741
HZO,Marinemax Inc.,0.04815229563269874
SBUX,Starbucks Corporation,0.04813574974027476
PFPT,"Proofpoint, Inc.",0.04797191887675509
RMBS,Rambus Inc.,0.047759000734753886
AROW,Arrow Financial Corporation,0.04773869346733675
SVBI,Severn Bancorp Inc.,0.047697368421052634
TIGR,TigerLogic Corporation,0.04761904761904752
CBZ,"CBIZ, Inc.",0.04757747708424268
WMT,Wal-Mart Stores Inc.,0.04755316050101953
MDT,"Medtronic, Inc.",0.04747579204662966
BHE,Benchmark Electronics Inc.,0.04685212298682288
ATO,Atmos Energy Corporation,0.04682811830261471
NC,Nacco Industries Inc.,0.04621435594886929
ANDAU,Andina Acquisition Corporation,0.04608294930875576
UBCP,United Bancorp Inc.,0.045840407470288703
ITIC,Investors Title Co.,0.04579710144927531
LOW,Lowe's Companies Inc.,0.045680962216012526
BMTC,Bryn Mawr Bank Corp.,0.04560500183891131
FCCO,First Community Corporation,0.045189504373177786
FFIN,First Financial Bankshares Inc.,0.04499323410013538
LII,"Lennox International, Inc.",0.044940152339499405
COF,Capital One Financial Corporation,0.04488210075026788
SBSI,Southside Bancshares Inc.,0.04469060351413299
NURO,NeuroMetrix Inc.,0.04458598726114639
NTAP,"NetApp, Inc.",0.044553352639786145
KTOS,"Kratos Defense & Security Solutions, Inc.",0.044487427466150954
EPAM,"EPAM Systems, Inc.",0.04445197461647467
HHC,The Howard Hughes Corporation,0.044430030809145364
HIG,"The Hartford Financial Services Group, Inc.",0.044227307791205935
MCHX,"Marchex, Inc.",0.044198895027624224
DXCM,"DexCom, Inc.",0.044180788089733455
RLI,RLI Corp.,0.043997766610831913
ACCO,ACCO Brands Corporation,0.04376012965964351
ARW,"Arrow Electronics, Inc.",0.043755469433679216
INFN,Infinera Corporation,0.0437499999999999
MSM,MSC Industrial Direct Co. Inc.,0.04373848987108669
AZZ,AZZ incorporated,0.0436835891381345
IEX,IDEX Corporation,0.0436795381515167
CCMP,Cabot Microelectronics Corporation,0.04363935776039512
SRDX,"SurModics, Inc.",0.04334523202447738
MFA,"MFA Financial, Inc.",0.043224382254504
SENEB,Seneca Foods Corp.,0.0432190760059613
HCCI,"Heritage-Crystal Clean, Inc",0.0430314707771354
ALGT,Allegiant Travel Company,0.04295557836094425
RP,"RealPage, Inc.",0.042330853701735754
FLO,"Flowers Foods, Inc.",0.042114310270734874
SAVE,"Spirit Airlines, Inc.",0.04206393718452048
SAVE,"Spirit Airlines, Inc.",0.04206393718452048
MHK,Mohawk Industries Inc.,0.04200676886322928
HON,Honeywell International Inc.,0.04196592865198548
LOAN,"Manhattan Bridge Capital, Inc.",0.041821331353625237
URBN,Urban Outfitters Inc.,0.04177215189873426
FSTR,LB Foster Co.,0.041666666666666644
PDFS,PDF Solutions Inc.,0.041666666666666595
EFSC,Enterprise Financial Services Corp.,0.04132791327913275
FISV,"Fiserv, Inc.",0.041267881033240764
LMAT,"LeMaitre Vascular, Inc.",0.04124365482233505
THS,"Treehouse Foods, Inc.",0.040997777228945334
CIZN,Citizens Holding Company,0.04085603112840466
HII,"Huntington Ingalls Industries, Inc.",0.040653728294177724
CENT,Central Garden & Pet Company,0.040621865596790305
GLBZ,Glen Burnie Bancorp,0.04017857142857136
XRX,Xerox Corporation,0.040063257775434985
BANF,BancFirst Corporation,0.0400449943757029
GPN,Global Payments Inc.,0.039955344027263716
CSGS,CSG Systems International Inc.,0.0398963730569948
DKS,Dick's Sporting Goods Inc.,0.039790575916230385
KVHI,KVH Industries Inc.,0.03972758229284899
WWD,"Woodward, Inc.",0.03911951190333767
TBNK,Territorial Bancorp Inc.,0.038745387453874534
SAFM,"Sanderson Farms, Inc.",0.03870558375634525
ODFL,Old Dominion Freight Line Inc.,0.03867460522909655
AVGO,Avago Technologies Limited,0.03841974758309425
AMCX,AMC Networks Inc.,0.0382222222222222
WYY,WidePoint Corp.,0.03773584905660381
CIM,Chimera Investment Corporation,0.03764705882352944
DVA,DaVita HealthCare Partners Inc.,0.037134069939628554
CRWS,"Crown Crafts, Inc.",0.03710247349823321
MCD,McDonald's Corp.,0.036951396445411705
HEI,HEICO Corporation,0.036902381385202715
UFCS,"United Fire Group, Inc",0.03677130044843051
RGA,Reinsurance Group of America Inc.,0.0367604824813326
RRGB,Red Robin Gourmet Burgers Inc.,0.03664921465968588
MCK,McKesson Corporation,0.03651424784625574
IBKR,"Interactive Brokers Group, Inc.",0.036500943989930666
LANC,Lancaster Colony Corporation,0.03606408877314162
HIL,"Hill International, Inc.",0.03597122302158277
DAL,Delta Air Lines Inc.,0.035953686776355874
ACC,"American Campus Communities, Inc.",0.03593964334705062
RH,"Restoration Hardware Holdings, Inc.",0.03560823062570628
MTRN,Materion Corporation,0.03560431100846808
AMTD,TD Ameritrade Holding Corporation,0.03522403522403521
CMLS,Cumulus Media Inc.,0.03518518518518509
CXDC,China XD Plastics Company Ltd.,0.03508771929824565
CMC,Commercial Metals Company,0.03493449781659383
LSTR,Landstar System Inc.,0.03489375049008068
DX,Dynex Capital Inc.,0.0348837209302325
ERIE,Erie Indemnity Company,0.034668099973125546
UAL,"United Continental Holdings, Inc.",0.03456722917800751
CASY,"Casey's General Stores, Inc.",0.034494496766141004
CHS,Chico's FAS Inc.,0.03448275862068969
TAYD,Taylor Devices Inc.,0.03448275862068969
GRC,Gorman-Rupp Co.,0.03433606806441819
BRO,Brown & Brown Inc.,0.03431481071507631
SEIC,SEI Investments Co.,0.034188034188034164
MAG,Magnetek Inc.,0.03414351851851851
QADB,QAD Inc.,0.034022681787858555
CL,Colgate-Palmolive Co.,0.03401537860028671
CATM,Cardtronics Inc.,0.03387259858442862
PFSW,PFSweb Inc.,0.033823529411764766
ATRI,ATRION Corp.,0.03381619642744422
WWW,Wolverine World Wide Inc.,0.03372434017595301
HAFC,Hanmi Financial Corporation,0.03348214285714274
NSYS,Nortech Systems Inc.,0.03333333333333337
UBSI,United Bankshares Inc.,0.0332936979785969
ASH,Ashland Inc.,0.033260333972077644
CLDT,Chatham Lodging Trust,0.03320561941251594
SCI,Service Corporation International,0.032984901277584244
RELL,Richardson Electronics Ltd.,0.03294117647058816
TCCO,Technical Communications Corporation,0.032934131736527046
CATY,Cathay General Bancorp,0.03282182438192666
MNR,Monmouth Real Estate Investment Corp.,0.03279832519190514
PG,The Procter & Gamble Company,0.0327868852459015
AMZN,Amazon.com Inc.,0.0326880375897931
BDGE,"Bridge Bancorp, Inc.",0.03245436105476676
APT,Alpha Pro Tech Ltd.,0.03230240549828171
JACK,Jack in the Box Inc.,0.032003765148841026
VBFC,Village Bank & Trust Financial Corp.,0.03200000000000003
PFE,Pfizer Inc.,0.031613077546609074
NCLH,Norwegian Cruise Line Holdings Ltd.,0.03147835862844307
NCLH,Norwegian Cruise Line Holdings Ltd.,0.03147835862844307
MOS,The Mosaic Company,0.031439602868174314
CACG,Chart Acquisition Corp.,0.03138555754018893
CTAS,Cintas Corporation,0.03129861810194927
PPG,PPG Industries Inc.,0.031180400890868612
USLM,"United States Lime & Minerals, Inc.",0.03111814345991564
MTRX,Matrix Service Company,0.030788177339901482
FLIR,"FLIR Systems, Inc.",0.03078677309007977
MATW,Matthews International Corporation,0.030703624733475585
CJJD,"China Jo-Jo Drugstores, Inc.",0.03061224489795921
CAMP,CalAmp Corp.,0.03045066991473812
GCBC,"Greene County Bancorp, Inc.",0.029924073246985178
HALL,Hallmark Financial Services Inc.,0.029801324503311213
CENTA,Central Garden & Pet Company,0.029768467475192895
TTC,Toro Co.,0.029618839524156323
IEP,"Icahn Enterprises, L.P.",0.02953586497890293
CSX,CSX Corp.,0.029508611955420625
MGLN,Magellan Health Services Inc.,0.02946617336152206
CVLT,"CommVault Systems, Inc.",0.02943322792507908
INDB,Independent Bank Corp.,0.029036827195467435
MAC,The Macerich Company,0.02884615384615384
ZION,Zions Bancorporation,0.0288193368453672
TCP,"TC PipeLines, LP",0.028789455428373287
MANH,"Manhattan Associates, Inc.",0.028695010022154223
BCO,The Brink's Company,0.02860858257477244
EBAY,eBay Inc.,0.028489483747609984
LTRX,"Lantronix, Inc.",0.0284463894967177
ICON,"Iconix Brand Group, Inc.",0.028169014084507067
UNAM,Unico American Corp.,0.028089887640449507
LPLA,LPL Financial Holdings Inc.,0.02805239742956001
TJX,"The TJX Companies, Inc.",0.027943032269695408
UTL,Unitil Corp.,0.027792074112197588
EQIX,"Equinix, Inc.",0.027763081318448773
XEL,Xcel Energy Inc.,0.027753810756399086
DRE,Duke Realty Corporation,0.027704485488126762
REGN,"Regeneron Pharmaceuticals, Inc.",0.027667493796525874
ESE,ESCO Technologies Inc.,0.027559055118110184
OSIS,"OSI Systems, Inc.",0.02750316856780719
CERN,Cerner Corporation,0.027456445993031344
NWBI,"Northwest Bancshares, Inc.",0.02721088435374161
DIT,AMCON Distributing Co.,0.026934523809523842
PPL,PPL Corporation,0.026862464183381087
DORM,"Dorman Products, Inc.",0.026840317100792804
ANSS,"Ansys, Inc.",0.02680348258706469
CRIS,"Curis, Inc.",0.026785714285714107
LAD,Lithia Motors Inc.,0.02674103847100324
ISRG,"Intuitive Surgical, Inc.",0.026719155708183246
UBFO,United Security Bancshares,0.02666666666666669
FR,First Industrial Realty Trust Inc.,0.026630833129733775
RFP,Resolute Forest Products Inc.,0.02647657841140527
DVN,Devon Energy Corporation,0.026315789473684237
FICO,Fair Isaac Corporation,0.02583425570496674
EEFT,Euronet Worldwide Inc.,0.025749215622633295
HOV,Hovnanian Enterprises Inc.,0.025721455457967498
NNI,"Nelnet, Inc.",0.025720483421134126
CFFI,nan,0.025328947368421156
NFLX,"Netflix, Inc.",0.02523831520597989
FSP,Franklin Street Properties Corp.,0.025042813531557972
IDCC,"InterDigital, Inc.",0.02483932603786694
ACGL,Arch Capital Group Ltd.,0.024806701030927823
NKSH,National Bankshares Inc.,0.024710424710424735
HMNF,HMN Financial Inc.,0.024561403508771906
PSMT,PriceSmart Inc.,0.0244071557342949
NTCT,"NetScout Systems, Inc.",0.02434705621956621
ATVI,"Activision Blizzard, Inc.",0.024266936299292236
VAC,Marriott Vacations Worldwide Corp.,0.024183071849705227
RYN,Rayonier Inc.,0.024122807017543865
ATLC,Atlanticus Holdings Corporation,0.024026512013255934
MSCI,MSCI Inc.,0.023892280281566744
AMWD,American Woodmark Corp.,0.02372241236870047
CHCO,City Holding Co.,0.023374485596707847
ABT,Abbott Laboratories,0.02325802164419976
EPZM,"Epizyme, Inc.",0.023041474654377937
MWA,"Mueller Water Products, Inc.",0.02302025782688766
DOV,Dover Corporation,0.02269328876770163
VRSK,"Verisk Analytics, Inc.",0.02253079749297594
WCN,Waste Connections Inc.,0.022397631968426347
RNR,RenaissanceRe Holdings Ltd.,0.022372648003671444
STAG,"STAG Industrial, Inc.",0.022166718701217634
PXLW,"Pixelworks, Inc.",0.022026431718061595
PZG,Paramount Gold and Silver Corp.,0.02192982456140363
AVA,Avista Corp.,0.021917007597895968
BLKB,Blackbaud Inc.,0.02191341528594329
OVBC,Ohio Valley Banc Corp.,0.021797153024910962
CLFD,"Clearfield, Inc.",0.02129673450070986
REED,"REEDS, Inc.",0.02127659574468087
DPW,Digital Power Corp.,0.02127659574468087
PEP,"Pepsico, Inc.",0.02114582571156812
AFL,AFLAC Inc.,0.021041273266792584
ABMD,"ABIOMED, Inc.",0.020747188973522044
AZPN,"Aspen Technology, Inc.",0.020731515055967285
FFG,FBL Financial Group Inc.,0.020678578598674988
RE,Everest Re Group Ltd.,0.020600858369098817
HUBG,Hub Group Inc.,0.02032126959550991
FBHS,"Fortune Brands Home & Security, Inc.",0.02029366121523222
CPF,Central Pacific Financial Corp.,0.020242914979757012
TMHC,Taylor Morrison Home Corporation,0.020202020202020204
ETM,Entercom Communications Corp.,0.020000000000000018
UFI,Unifi Inc.,0.019938650306748587
PLXS,Plexus Corp.,0.01981856245638503
ELY,Callaway Golf Co.,0.01979695431472084
VIRC,Virco Mfg. Corporation,0.019512195121951237
TAP,Molson Coors Brewing Company,0.019137389317337952
AGM,Federal Agricultural Mortgage Corp.,0.019001325673884316
STRS,Stratus Properties Inc.,0.018926056338028158
BDX,"Becton, Dickinson and Company",0.018567189487070774
PFS,"Provident Financial Services, Inc.",0.01849112426035503
INTG,The InterGroup Corporation,0.01842275371687137
DGICA,Donegal Group Inc.,0.017931034482758606
WLDN,"Willdan Group, Inc.",0.01792618629173995
HWKN,Hawkins Inc.,0.017849898580121756
ROST,Ross Stores Inc.,0.017702890050122756
TRST,TrustCo Bank Corp. NY,0.017543859649122744
FFNW,"First Financial Northwest, Inc.",0.017311608961303456
WY,Weyerhaeuser Co.,0.017283097131005877
HR,Healthcare Realty Trust Incorporated,0.01718907987866525
NDAQ,"The Nasdaq OMX Group, Inc.",0.016772974249941015
LKQ,LKQ Corp.,0.016697588126159527
WVVI,Willamette Valley Vineyards Inc.,0.01626016260162596
PNC,"The PNC Financial Services Group, Inc.",0.016197557089750382
CWBC,Community West Bancshares,0.016009852216748867
CRAI,CRA International Inc.,0.015901060070671443
VICR,Vicor Corp.,0.01589227223098372
CALM,"Cal-Maine Foods, Inc.",0.015585079202861509
NVR,"NVR, Inc.",0.015395126284938878
ACHC,"Acadia Healthcare Company, Inc.",0.015299479166666746
FAST,Fastenal Company,0.01511391833972483
FCAP,First Capital Inc.,0.014937759336099561
BMY,Bristol-Myers Squibb Company,0.01485232067510553
WST,"West Pharmaceutical Services, Inc.",0.014611149098499306
DPZ,"Domino's Pizza, Inc.",0.014362194996396687
PICO,PICO Holdings Inc.,0.013620885357548152
ESSA,"ESSA Bancorp, Inc.",0.013564431047475487
SMTC,Semtech Corporation,0.013338075760270319
ARR,"ARMOUR Residential REIT, Inc.",0.013251783893985626
PLUS,ePlus inc.,0.013249556071575101
OSK,Oshkosh Corporation,0.013178294573643359
MGM,MGM Resorts International,0.013009540329575053
SJI,"South Jersey Industries, Inc.",0.012858555885262194
HSY,The Hershey Company,0.012733564013840855
SCL,Stepan Company,0.012585616438356154
JJSF,nan,0.012565599822603423
NFG,National Fuel Gas Company,0.012500000000000027
DCOM,Dime Community Bancshares Inc.,0.012317167051578148
IOSP,Innospec Inc.,0.012259970457902485
CTO,Consolidated Tomoka Land Co.,0.012173128944995473
TSCO,Tractor Supply Company,0.01216157521355152
BA,The Boeing Company,0.012156032657998302
CVR,Chicago Rivet & Machine Co.,0.012048192771084338
EME,EMCOR Group Inc.,0.01202921380495494
ENR,Energizer Holdings Inc.,0.012009803921568677
ROLL,RBC Bearings Inc.,0.011812272078642737
ORCL,Oracle Corporation,0.011482607227288074
CVCO,"Cavco Industries, Inc.",0.011428571428571486
IVR,Invesco Mortgage Capital Inc.,0.010976314269208464
HZNP,"Horizon Pharma, Inc.",0.01096605744125331
SYY,Sysco Corporation,0.010920436817472744
HMN,Horace Mann Educators Corp.,0.01073446327683623
GNW,Genworth Financial Inc.,0.010666666666666677
SAL,Salisbury Bancorp Inc.,0.010665169800729594
STC,Stewart Information Services Corporation,0.010643115942029121
TGI,"Triumph Group, Inc.",0.010376134889753577
PFSI,"PennyMac Financial Services, Inc.",0.01022884882108189
JOB,General Employment Enterprises Inc.,0.010000000000000009
AE,Adams Resources & Energy Inc.,0.009887005649717555
HWBK,"Hawthorn Bancshares, Inc.",0.009793814432989757
RLGT,"Radiant Logistics, Inc.",0.009615384615384581
ORRF,Orrstown Financial Services Inc.,0.00938628158844771
FBC,Flagstar Bancorp Inc.,0.009374999999999911
CVM,CEL-SCI Corporation,0.009237875288683542
WMGI,Wright Medical Group Inc.,0.00921658986175119
UIS,Unisys Corporation,0.00918196994991648
WAFD,Washington Federal Inc.,0.009122502172024365
EPAY,Bottomline Technologies,0.008518693800283944
TPH,"TRI Pointe Homes, Inc.",0.008441193021947221
PRFT,Perficient Inc.,0.008266360505166463
CBB,Cincinnati Bell Inc.,0.007989347536617909
MMM,3M Company,0.007954410542562053
EGOV,NIC Inc.,0.0076738609112709895
AI,Arlington Asset Investment Corp.,0.007380073800738014
MNTA,Momenta Pharmaceuticals Inc.,0.007293666026871314
GLRE,"Greenlight Capital Re, Ltd.",0.007183908045976986
CBU,Community Bank System Inc.,0.007007349171081929
ACNB,ACNB Corp.,0.006787330316742017
DD,E. I. du Pont de Nemours and Company,0.006562342251388197
UEPS,Net 1 Ueps Technologies Inc.,0.006493506493506499
ALNY,"Alnylam Pharmaceuticals, Inc.",0.006412213740458041
HCA,"HCA Holdings, Inc.",0.006410256410256444
GBLI,Global Indemnity plc,0.00629458665547638
CSGP,CoStar Group Inc.,0.0062598961593694795
FCN,"FTI Consulting, Inc.",0.006209453197404889
ABR,Arbor Realty Trust Inc.,0.0059221658206430015
EHTH,"eHealth, Inc.",0.005813953488372063
DMLP,Dorchester Minerals LP,0.005758157389635365
HBCP,"Home Bancorp, Inc.",0.0056775170325510434
ROIC,Retail Opportunity Investments Corp.,0.005464480874316823
LYB,LyondellBasell Industries NV,0.005360177801019883
ADBE,Adobe Systems Inc.,0.005330205182029542
MLP,"Maui Land & Pineapple Company, Inc.",0.005319148936170257
INN,"Summit Hotel Properties, Inc.",0.00518134715025911
IRIX,IRIDEX Corporation,0.005154639175257737
HLF,Herbalife Ltd.,0.0051376900945334985
D,"Dominion Resources, Inc.",0.005078657252570253
SPG,Simon Property Group Inc.,0.004807692307692205
DXR,Daxor Corp.,0.004774897680764003
EA,Electronic Arts Inc.,0.0046758598827071575
DHI,DR Horton Inc.,0.004675467546754722
BELFA,Bel Fuse Inc.,0.004570383912248694
UVV,Universal Corporation,0.0045259647451168375
CINF,Cincinnati Financial Corp.,0.004281821720513981
M,"Macy's, Inc.",0.004166666666666701
ULTA,"ULTA Salon, Cosmetics & Fragrance, Inc.",0.004142820534722932
AAN,"Aaron's, Inc.",0.004127966976264224
ICUI,"ICU Medical, Inc.",0.003957508852322534
WHG,Westwood Holdings Group Inc.,0.0035650623885917243
RBCN,"Rubicon Technology, Inc.",0.0035629453681709456
ZUMZ,"Zumiez, Inc.",0.0035392535392536353
WM,"Waste Management, Inc.",0.002921966311447262
MYE,Myers Industries Inc.,0.002719238613188249
GENC,Gencor Industries Inc.,0.002467105263157842
TSLA,"Tesla Motors, Inc.",0.00240693961202991
SLG,SL Green Realty Corp.,0.002326565143824015
MTH,Meritage Homes Corporation,0.0020989505247377108
PCYG,Park City Group Inc.,0.002008032128514013
SGMO,Sangamo Biosciences Inc.,0.0018484288354897942
EAT,"Brinker International, Inc.",0.0017909111260353322
CERS,Cerus Corporation,0.0015797788309636315
ASFI,Asta Funding Inc.,0.001531393568146981
PESI,Perma-Fix Environmental Services Inc.,0.0014598540145986387
ALK,"Alaska Air Group, Inc.",0.0014454348349795779
MMP,Magellan Midstream Partners LP,0.0010683760683760457
CMCSA,Comcast Corporation,0.00044404973357022926
CPT,Camden Property Trust,0.0004331348132106795
JBSS,John B Sanfilippo & Son Inc.,0.0003930302633302913
CCF,Chase Corporation,0.0002977076510866442
MAA,Mid-America Apartment Communities Inc.,0.00016850619260254463
CBL,CBL & Associates Properties Inc.,0.0
ANDAW,Andina Acquisition Corporation,0.0
AVEO,"AVEO Pharmaceuticals, Inc.",0.0
BIOL,"BIOLASE, Inc.",0.0
BRLI,Bio-Reference Laboratories Inc.,0.0
CDZI,Cadiz Inc.,0.0
DXLG,"Destination XL Group, Inc.",0.0
FEIM,Frequency Electronics Inc.,0.0
NTIC,Northern Technologies International Corp.,0.0
QUIK,QuickLogic Corporation,0.0
ZAGG,ZAGG Inc,0.0
ECL,Ecolab Inc.,-9.761335350667095e-05
QLYS,"Qualys, Inc.",-0.00020472924557268934
NBTB,"NBT Bancorp, Inc.",-0.0003427004797806035
CXO,"Concho Resources, Inc.",-0.0006382978723404497
ALCO,Alico Inc.,-0.0009693053311792435
JKHY,Jack Henry & Associates Inc.,-0.0010096548242569357
WSO,Watsco Inc.,-0.0013150638442285764
TBIO,Transgenomic Inc.,-0.0014234875444840817
CHRW,CH Robinson Worldwide Inc.,-0.001688015092840706
PFIN,nan,-0.002079002079002035
H,Hyatt Hotels Corporation,-0.002199289460328245
IHC,Independence Holding Co.,-0.002244948865053714
DXPE,"DXP Enterprises, Inc.",-0.0023161551823971714
CHSCP,"CHS, Inc.",-0.0024179620034542413
MACK,"Merrimack Pharmaceuticals, Inc.",-0.0025906735751294787
PRI,"Primerica, Inc.",-0.002622950819672075
AAPL,Apple Inc.,-0.0027739251040221325
TAST,"Carrols Restaurant Group, Inc.",-0.0029629629629629
EBIX,Ebix Inc.,-0.002988047808764877
MPW,Medical Properties Trust Inc.,-0.0032679738562090806
VAR,"Varian Medical Systems, Inc.",-0.003407450187698547
VRTU,Virtusa Corp.,-0.0035552044242543887
LEG,"Leggett & Platt, Incorporated",-0.0042572260811114685
WCC,WESCO International Inc.,-0.004376367614879712
III,"Information Services Group, Inc.",-0.004739336492890894
GFED,Guaranty Federal Bancshares Inc.,-0.004739336492891015
FISI,Financial Institutions Inc.,-0.005211349160393738
BC,Brunswick Corporation,-0.005558202318564419
SRPT,"Sarepta Therapeutics, Inc.",-0.005559566787003684
SMG,The Scotts Miracle-Gro Company,-0.005568764860467941
CPE,Callon Petroleum Company,-0.005628517823639822
BLDR,"Builders FirstSource, Inc.",-0.005783866057838807
VRSN,"VeriSign, Inc.",-0.005940594059405884
NAV,Navistar International Corporation,-0.006043700604370179
ATR,"AptarGroup, Inc.",-0.006130332549546557
LEN,Lennar Corp.,-0.0062214321990859455
TPL,Texas Pacific Land Trust,-0.00625792636021537
IO,ION Geophysical Corporation,-0.006369426751592362
TR,Tootsie Roll Industries Inc.,-0.006501950585175644
ANDA,"Tecnoglass, Inc.",-0.006829268292682955
TRMB,Trimble Navigation Limited,-0.0069403133055721085
FC,Franklin Covey Co.,-0.007046070460704553
BBGI,Beasley Broadcast Group Inc.,-0.0072992700729927066
TNAV,"Telenav, Inc.",-0.00729927007299276
AVT,"Avnet, Inc.",-0.007518796992481234
PKE,Park Electrochemical Corp.,-0.007943512797881717
AGNCP,American Capital Agency Corp.,-0.008086253369272383
HRL,Hormel Foods Corporation,-0.008196721311475483
CORT,Corcept Therapeutics Incorporated,-0.008333333333333255
CHE,Chemed Corp.,-0.008421437123318318
LOV,"Spark Networks, Inc.",-0.008676789587852502
CHD,Church & Dwight Co. Inc.,-0.008735979292493553
GHM,Graham Corporation,-0.008739985433357684
WMK,"Weis Markets, Inc.",-0.009164757342220324
CAAS,China Automotive Systems Inc.,-0.009259259259259335
IRET,Investors Real Estate Trust,-0.00998003992015972
TCO,"Taubman Centers, Inc.",-0.010081209745169404
AEO,"American Eagle Outfitters, Inc.",-0.010114632501685795
PAA,"Plains All American Pipeline, L.P.",-0.010159651669085544
UFS,Domtar Corporation,-0.010248901903367538
NEN,New England Realty Associates LP,-0.010403916768665955
TDG,TransDigm Group Incorporated,-0.010506603587620705
CCI,Crown Castle International Corp.,-0.010551948051948038
CW,Curtiss-Wright Corporation,-0.010805707091900828
HPQ,Hewlett-Packard Company,-0.010863942058975546
NTWK,"NetSol Technologies, Inc.",-0.010989010989010917
ANH,Anworth Mortgage Asset Corporation,-0.011110464778081622
UHS,Universal Health Services Inc.,-0.011122518822724138
CLNE,Clean Energy Fuels Corp.,-0.011235955056179702
CACC,Credit Acceptance Corp.,-0.011409942950285294
RGCO,"RGC Resources, Inc.",-0.011666666666666714
ICE,"IntercontinentalExchange Group, Inc.",-0.01208067092651751
FNF,"Fidelity National Financial, Inc.",-0.012293853073463378
FUL,HB Fuller Co.,-0.01235305837816293
FIS,"Fidelity National Information Services, Inc.",-0.012514531901798428
CZR,Caesars Entertainment Corporation,-0.012637660227477936
ARE,"Alexandria Real Estate Equities, Inc.",-0.012669126691266927
UFPT,"UFP Technologies, Inc.",-0.012987012987012887
UHAL,AMERCO,-0.013244501525124387
ALB,Albemarle Corporation,-0.01329515238290036
AKAM,"Akamai Technologies, Inc.",-0.013309917737313964
CME,CME Group Inc.,-0.013367052023121379
CHEF,"The Chefs' Warehouse, Inc.",-0.013442431326709551
SUP,"Superior Industries International, Inc.",-0.013513513513513526
SPR,"Spirit AeroSystems Holdings, Inc.",-0.013962445835339392
THC,Tenet Healthcare Corp.,-0.014198782961460385
PBY,nan,-0.014413712504869535
AEY,ADDvantage Technologies Group Inc.,-0.014563106796116625
OXY,Occidental Petroleum Corporation,-0.01474926253687319
PRU,"Prudential Financial, Inc.",-0.01476490825688075
FDS,FactSet Research Systems Inc.,-0.014816147801571583
AAP,Advance Auto Parts Inc.,-0.014898764803259922
TNC,Tennant Company,-0.014930114358322708
SON,Sonoco Products Co.,-0.014994446501295857
MKC,"McCormick & Company, Incorporated",-0.015040609646044319
SCHL,Scholastic Corporation,-0.015158270173874269
TFX,Teleflex Incorporated,-0.015166182639561113
IBOC,International Bancshares Corporation,-0.01523874026413826
PLPC,Preformed Line Products Company,-0.015343306482546934
BDL,Flanigan's Enterprises Inc.,-0.015393724097098967
CIX,CompX International Inc.,-0.01552106430155204
RGP,Regency Energy Partners LP,-0.01555747623163351
ACRE,Ares Commercial Real Estate Corporation,-0.015772870662460605
RIGL,"Rigel Pharmaceuticals, Inc.",-0.016000000000000014
PPC,Pilgrim's Pride Corporation,-0.01648028251912876
WU,The Western Union Company,-0.01656222023276638
MN,"Manning & Napier, Inc.",-0.01686746987951814
COP,ConocoPhillips,-0.017215342796738156
TDW,Tidewater Inc.,-0.01740506329113929
CSWC,Capital Southwest Corporation,-0.01751927119831815
AGNC,American Capital Agency Corp.,-0.017993079584775074
DLX,Deluxe Corp.,-0.018362662586074996
ISNS,"Image Sensing Systems, Inc.",-0.018421052631578907
RGR,"Sturm, Ruger & Co. Inc.",-0.01848900223143136
HSII,Heidrick & Struggles International Inc.,-0.01850180505415163
MKL,Markel Corp.,-0.018539755351682043
MDLZ,"Mondelez International, Inc.",-0.01872074882995317
PRTA,Prothena Corporation plc,-0.01885175664095978
NLY,"Annaly Capital Management, Inc.",-0.018995929443690593
NYCB,New York Community Bancorp Inc.,-0.019015659955257263
JCS,Communications Systems Inc.,-0.019184652278177474
VSAT,ViaSat Inc.,-0.019209659714599224
BOTJ,Bank of the James Financial Group Inc.,-0.01921229586935632
TRIP,TripAdvisor Inc.,-0.01923076923076924
RAVN,Raven Industries Inc.,-0.019647973802701613
SANM,Sanmina Corporation,-0.019658753709198853
TISI,"Team, Inc.",-0.019704433497536963
RMCF,Rocky Mountain Chocolate Factory Inc.,-0.01986754966887419
SYNA,Synaptics Inc.,-0.019898697539797464
SREV,"ServiceSource International, Inc.",-0.020000000000000018
RPRX,Repros Therapeutics Inc.,-0.02034153691612261
CVU,CPI Aerostructures Inc.,-0.02040816326530623
FMC,FMC Corp.,-0.020804942309439377
ODC,Oil-Dri Corp. of America,-0.020811099252934742
JNJ,Johnson & Johnson,-0.0209639366363329
CNA,CNA Financial Corporation,-0.02102580439630456
NEU,NewMarket Corporation,-0.02123211425158153
MCRI,Monarch Casino & Resort Inc.,-0.021762551174315838
WIRE,Encore Wire Corp.,-0.021765417170495734
ARLP,Alliance Resource Partners LP,-0.02194357366771155
DIS,The Walt Disney Company,-0.02209523809523814
NSC,Norfolk Southern Corporation,-0.022198011711834338
DBD,"Diebold, Incorporated",-0.02264150943396234
CPHC,Canterbury Park Holding Corporation,-0.022782750203417364
CXP,"Columbia Property Trust, Inc.",-0.022867194371152137
JBHT,JB Hunt Transport Services Inc.,-0.02310256021814885
BH,Biglari Holdings Inc.,-0.023286556843603885
AWI,"Armstrong World Industries, Inc.",-0.02335144661477461
HST,"Host Hotels & Resorts, Inc.",-0.023489932885905986
ABM,ABM Industries Incorporated,-0.023542294004927442
PII,"Polaris Industries, Inc.",-0.023644690595377556
SKYW,SkyWest Inc.,-0.02372685185185186
SOHU,Sohu.com Inc.,-0.02375923970432961
INUV,"Inuvo, Inc.",-0.023809523809523832
AMPE,"Ampio Pharmaceuticals, Inc.",-0.024096385542168565
NATI,National Instruments Corporation,-0.02430939226519344
ORLY,O'Reilly Automotive Inc.,-0.02444992888814523
SBAC,SBA Communications Corp.,-0.024476088992217974
INTC,Intel Corporation,-0.024488969844160977
CNS,Cohen & Steers Inc.,-0.02449324324324329
MODN,"Model N, Inc.",-0.024538185828508422
EXPO,Exponent Inc.,-0.02484714452972565
BAX,Baxter International Inc.,-0.025243418680129755
LCNB,LCNB Corp.,-0.025255972696245802
BELFB,Bel Fuse Inc.,-0.025362318840579653
IRDM,Iridium Communications Inc.,-0.02541159627773804
MA,MasterCard Incorporated,-0.025427988527837633
LYV,"Live Nation Entertainment, Inc.",-0.025571087623593593
OXM,Oxford Industries Inc.,-0.025867507886435267
POWL,"Powell Industries, Inc.",-0.02595893064703596
CNMD,CONMED Corporation,-0.026057880779430474
CNMD,CONMED Corporation,-0.026057880779430474
SLGN,Silgan Holdings Inc.,-0.02642331789703075
ECOL,"US Ecology, Inc.",-0.026441631504922583
CVA,Covanta Holding Corporation,-0.026602176541716913
CBNK,"Chicopee Bancorp, Inc.",-0.02670349907918961
AHC,A. H. Belo Corporation,-0.027027027027027053
DVD,Dover Motorsports Inc.,-0.02721088435374152
PEB,Pebblebrook Hotel Trust,-0.027240143369175556
T,nan,-0.02761272282418732
MAR,"Marriott International, Inc.",-0.02789453572793276
FOR,Forestar Group Inc.,-0.028322440087145948
APD,Air Products & Chemicals Inc.,-0.028356137219908734
PGTI,"PGT, Inc.",-0.02841530054644806
PGTI,"PGT, Inc.",-0.02841530054644806
VZ,Verizon Communications Inc.,-0.028820375335120624
ANIK,Anika Therapeutics Inc.,-0.028957528957528882
CLX,The Clorox Company,-0.02906281615009667
MIND,Mitcham Industries Inc.,-0.029411764705882287
BSQR,BSQUARE Corp.,-0.029411764705882377
CSCO,"Cisco Systems, Inc.",-0.02949999999999999
MG,"Mistras Group, Inc.",-0.029556650246305338
MNST,Monster Beverage Corporation,-0.03016045361322234
MMC,"Marsh & McLennan Companies, Inc.",-0.030855779065802853
DOW,The Dow Chemical Company,-0.03114394090636858
IRWD,"Ironwood Pharmaceuticals, Inc.",-0.031155778894472234
CIEN,Ciena Corporation,-0.031242659149635855
SSD,"Simpson Manufacturing Co., Inc.",-0.03204552261156043
GOOD,Gladstone Commercial Corp.,-0.032132963988919766
INT,World Fuel Services Corp.,-0.0322714108398842
WVFC,WVS Financial Corp.,-0.03237410071942454
INO,"Inovio Pharmaceuticals, Inc.",-0.03268551236749125
BAC,Bank of America Corporation,-0.03300970873786413
SMCI,"Super Micro Computer, Inc.",-0.03340926347760057
IT,Gartner Inc.,-0.033418829209414656
SUI,Sun Communities Inc.,-0.03377686796315262
DCO,Ducommun Inc.,-0.03398328690807796
V,Visa Inc.,-0.0340033173968192
RHI,Robert Half International Inc.,-0.03420560747663548
VNO,Vornado Realty Trust,-0.03429705215419503
GMED,"Globus Medical, Inc.",-0.0343648794530406
ACN,Accenture plc,-0.034468263976460765
FRT,Federal Realty Investment Trust,-0.03472571716155014
LXP,Lexington Realty Trust,-0.03488372093023261
RGLS,Regulus Therapeutics Inc.,-0.03508771929824545
SIGA,"SIGA Technologies, Inc.",-0.03536067892503536
BLMN,"Bloomin' Brands, Inc.",-0.035587188612099516
HWCC,Houston Wire & Cable Company,-0.03571428571428559
RSG,"Republic Services, Inc.",-0.03581810631229224
JNPR,"Juniper Networks, Inc.",-0.03589965397923883
HTLD,"Heartland Express, Inc.",-0.03593117408906887
INGR,Ingredion Incorporated,-0.03610971313538003
NPK,National Presto Industries Inc.,-0.03645773433007477
INCY,Incyte Corporation,-0.037144390767579256
PANW,"Palo Alto Networks, Inc.",-0.03739877100883082
UG,United-Guardian Inc.,-0.03758911211924822
ANAT,American National Insurance Co.,-0.037723362011912565
IRM,Iron Mountain Inc.,-0.038328729281767934
LSBK,Lake Shore Bancorp Inc.,-0.038461538461538464
GD,General Dynamics Corp.,-0.03860608131192351
PRMW,Primo Water Corporation,-0.03878116343490296
PRMW,Primo Water Corporation,-0.03878116343490296
WTI,nan,-0.038888888888888924
ALL,The Allstate Corporation,-0.0389678778304371
CWCO,Consolidated Water Co. Ltd.,-0.03925066904549521
PLOW,"Douglas Dynamics, Inc.",-0.039638201649374885
RL,Ralph Lauren Corporation,-0.039707159697232944
PSB,PS Business Parks Inc.,-0.03976304471313808
HTA,"Healthcare Trust of America, Inc.",-0.03978978978978987
TG,Tredegar Corp.,-0.03995082974800248
NP,"Neenah Paper, Inc.",-0.04003882552778448
BERY,"Berry Plastics Group, Inc.",-0.0401522359657469
GBL,"GAMCO Investors, Inc.",-0.04027355623100299
GWRE,"Guidewire Software, Inc.",-0.04046024709987745
OTEX,Open Text Corporation,-0.04051825677267387
PCTI,"PCTEL, Inc.",-0.04056437389770715
ADC,Agree Realty Corp.,-0.04062179205162041
TGC,Tengasco Inc.,-0.04081632653061228
BFIN,BankFinancial Corp.,-0.04113110539845762
GPC,Genuine Parts Company,-0.04115705688215875
AA,Alcoa Inc.,-0.04128113879003559
FTI,"FMC Technologies, Inc.",-0.041481481481481515
LOPE,"Grand Canyon Education, Inc.",-0.041700451754893945
PENN,Penn National Gaming Inc.,-0.041806530363137154
ITI,"Iteris, Inc.",-0.0422535211267605
SMTX,SMTC Corporation,-0.042553191489361625
WMB,"Williams Companies, Inc.",-0.04268585131894487
SMP,Standard Motor Products Inc.,-0.04274558158651867
YELP,"Yelp, Inc.",-0.04331965344277242
SMIT,"Schmitt Industries, Inc.",-0.043396226415094254
CACI,CACI International Inc.,-0.04344111166074559
AAT,"American Assets Trust, Inc.",-0.04356357927786497
REG,Regency Centers Corporation,-0.043706293706293704
RCKY,"Rocky Brands, Inc.",-0.04390613171839516
MCY,Mercury General Corporation,-0.04429653431260041
LLY,Eli Lilly and Company,-0.04442953020134231
SAH,Sonic Automotive Inc.,-0.04476167432857492
AGX,"Argan, Inc.",-0.044857272315360304
SVT,Servotronics Inc.,-0.04540162980209553
GEOS,Geospace Technologies Corporation,-0.04545454545454549
NWFL,Norwood Financial Corp.,-0.045489296636085676
LVS,Las Vegas Sands Corp.,-0.04557438794726933
TPX,Tempur Sealy International Inc.,-0.046168747309513626
TCI,Transcontinental Realty Investors Inc.,-0.046203294495781526
AUBN,"Auburn National Bancorporation, Inc.",-0.04625158831003812
CKX,CKX Lands Inc.,-0.04626708727655095
FRGI,"Fiesta Restaurant Group, Inc.",-0.04667863554757642
INTT,inTEST Corp.,-0.04670912951167723
AVB,Avalonbay Communities Inc.,-0.046750359618150945
MHO,"M/I Homes, Inc.",-0.04682419249945813
CFX,Colfax Corporation,-0.047107930828861014
AZO,"AutoZone, Inc.",-0.04711434692266804
TWIN,"Twin Disc, Incorporated",-0.047703180212014216
BIIB,Biogen Idec Inc.,-0.04775593805023544
WABC,Westamerica Bancorp.,-0.04823488290807407
NEON,"Neonode, Inc.",-0.04828326180257522
NEWT,Newtek Business Services Inc.,-0.04878048780487811
INFU,"InfuSystem Holdings, Inc.",-0.048936170212765924
LMT,Lockheed Martin Corporation,-0.04932063492063496
NVEC,NVE Corp.,-0.04960317460317461
LMNR,Limoneira Company,-0.049840255591054386
IBM,International Business Machines Corporation,-0.04988123515439433
AIRT,Air T Inc.,-0.04999999999999994
GERN,Geron Corporation,-0.05025125628140708
G,Genpact Limited,-0.050308008213552385
MRLN,Marlin Business Services Corp.,-0.050518134715025864
OSTK,Overstock.com Inc.,-0.050838505215898694
WRI,Weingarten Realty Investors,-0.050866405813303525
LORL,"Loral Space & Communications, Inc.",-0.051305970149253796
MRK,Merck & Co. Inc.,-0.051449619771863096
FRD,"Friedman Industries, Incorporated",-0.05152979066022549
SHEN,Shenandoah Telecommunications Co.,-0.051673640167364
ASPS,Altisource Portfolio Solutions S.A.,-0.05168539325842693
BCC,Boise Cascade Company,-0.05176584421867442
DAKT,Daktronics Inc.,-0.05188679245283034
HBIO,Harvard Bioscience Inc.,-0.05198776758409784
CECE,CECO Environmental Corp.,-0.052173913043478355
RPAI,"Retail Properties of America, Inc.",-0.0531400966183575
ALX,Alexander's Inc.,-0.05322387944656426
CDE,"Coeur Mining, Inc.",-0.05333333333333338
CPRX,Catalyst Pharmaceutical Partners Inc.,-0.053412462908011916
LPX,Louisiana-Pacific Corp.,-0.05344670513209833
UNP,Union Pacific Corporation,-0.05381211023938854
ACY,AeroCentury Corp.,-0.0540540540540541
FLDM,Fluidigm Corporation,-0.05425219941348975
AXP,American Express Company,-0.05467140984834291
DEI,Douglas Emmett Inc,-0.054763690922730715
LTC,LTC Properties Inc.,-0.05486148832156445
NATH,Nathan's Famous Inc.,-0.05505952380952383
SCU,Scana Corporation SCANA CORPORA,-0.055091819699499174
FOXA,"Twenty-First Century Fox, Inc.",-0.055129099790649054
AXL,American Axle & Manufacturing Holdings Inc.,-0.055198973042361967
SIX,Six Flags Entertainment Corporation,-0.055393586005830976
EBF,Ennis Inc.,-0.05546026300743276
MNOV,MediciNova Inc.,-0.055555555555555455
NEOG,Neogen Corp.,-0.055649902024820265
BAH,Booz Allen Hamilton Holding Corporation,-0.055893944822644294
IMKTA,"Ingles Markets, Incorporated",-0.05597305001295681
TMP,Tompkins Financial Corporation,-0.056014246397927805
FUN,"Cedar Fair, L.P.",-0.057162534435261717
WRE,Washington Real Estate Investment Trust,-0.057296767874632795
AEHR,Aehr Test Systems,-0.057553956834532266
MCO,Moody's Corporation,-0.05819592628516008
HAYN,"Haynes International, Inc.",-0.05853658536585357
UDR,"UDR, Inc.",-0.0585701981050818
TUP,Tupperware Brands Corporation,-0.05862646566164149
AHT,"Ashford Hospitality Trust, Inc.",-0.058823529411764754
AMT,American Tower Corporation,-0.05916808485376178
UFPI,Universal Forest Products Inc.,-0.059498587570621424
BOX,Box Ships Inc.,-0.059829059829059866
CHH,Choice Hotels International Inc.,-0.06069246435845222
HFC,HollyFrontier Corporation,-0.06080147397512668
PSTI,"Pluristem Therapeutics, Inc.",-0.06089438629876314
CVX,Chevron Corporation,-0.0610687022900765
VTR,"Ventas, Inc.",-0.06133333333333329
WFC,Wells Fargo & Company,-0.061668681983071245
FOX,"Twenty-First Century Fox, Inc.",-0.061672473867595806
HIW,Highwoods Properties Inc.,-0.06237762237762229
EZPW,"EZCORP, Inc.",-0.06238185255198489
CYAN,Cyanotech Corp.,-0.06312292358803985
TAL,"TAL International Group, Inc.",-0.06315789473684204
VLGEA,Village Super Market Inc.,-0.0634283420313128
EFX,Equifax Inc.,-0.06349497918197407
DRQ,"Dril-Quip, Inc.",-0.06404657933042218
DIN,"DineEquity, Inc.",-0.06419192737882964
ANGI,"Angie's List, Inc.",-0.06492411467116355
IVAC,Intevac Inc.,-0.0650793650793651
BDN,Brandywine Realty Trust,-0.06527909176915794
FANG,"Diamondback Energy, Inc.",-0.06535737282678679
STFC,State Auto Financial Corp.,-0.06539509536784735
RDIB,"Reading International, Inc.",-0.0656249999999999
IMO,Imperial Oil Ltd.,-0.06592643997224144
NBIX,Neurocrine Biosciences Inc.,-0.0662076770725266
RGLD,"Royal Gold, Inc.",-0.06621249234537654
COKE,Coca-Cola Bottling Co. Consolidated,-0.06642024667144414
MPC,Marathon Petroleum Corporation,-0.06652092442223617
HCI,"HCI Group, Inc.",-0.06654343807763403
CRTX,Cornerstone Therapeutics Inc.,-0.06672914714151831
MRTN,Marten Transport Ltd.,-0.06708715596330285
EGY,Vaalco Energy Inc.,-0.06730769230769236
XOM,Exxon Mobil Corporation,-0.06819421713038736
MMS,"MAXIMUS, Inc.",-0.06840571666435401
SMPL,"Simplicity Bancorp, Inc.",-0.06869220607661833
O,Realty Income Corporation,-0.06896551724137931
WWE,World Wrestling Entertainment Inc.,-0.0690661478599221
WEYS,Weyco Group Inc.,-0.06908462867012086
DISCB,"Discovery Communications, Inc.",-0.06960110041265477
SATS,EchoStar Corp.,-0.06967650195520787
SYBT,"Stock Yards Bancorp, Inc.",-0.0699183085055261
DLPH,Delphi Automotive PLC,-0.07045330420535223
CUZ,Cousins Properties Incorporated,-0.07094365241004752
MGYR,"Magyar Bancorp, Inc.",-0.07142857142857134
BWA,BorgWarner Inc.,-0.07169546940681924
ATNI,"Atlantic Tele-Network, Inc.",-0.07224793721070631
TRNS,Transcat Inc.,-0.07226027397260272
NSEC,National Security Group Inc.,-0.07271305707584048
PBYI,"Puma Biotechnology, Inc.",-0.07407407407407406
AMSF,"Amerisafe, Inc.",-0.07481923923294559
RPT,Ramco-Gershenson Properties Trust,-0.07537688442211059
MAS,Masco Corporation,-0.07578059071729962
ATRO,Astronics Corporation,-0.07616707616707628
ENTA,"Enanta Pharmaceuticals, Inc.",-0.07625868969875706
SUPN,"Supernus Pharmaceuticals, Inc.",-0.07632183908045978
PBH,"Prestige Brands Holdings, Inc.",-0.07673601729262353
NLSN,Nielsen Holdings N.V.,-0.07682291666666666
UNFI,"United Natural Foods, Inc.",-0.07714285714285722
UNFI,"United Natural Foods, Inc.",-0.07714285714285722
EBS,"Emergent BioSolutions, Inc.",-0.07737352404723051
LRN,"K12, Inc.",-0.07776349614395892
FCFS,First Cash Financial Services Inc.,-0.07783942558746741
PXD,Pioneer Natural Resources Co.,-0.07793467715856409
DRH,Diamondrock Hospitality Co.,-0.07812500000000003
TESS,TESSCO Technologies Inc.,-0.07919254658385103
ALKS,Alkermes plc,-0.07921348314606742
AMGN,Amgen Inc.,-0.0793920972644377
BCRX,"BioCryst Pharmaceuticals, Inc.",-0.07940446650124076
TSN,"Tyson Foods, Inc.",-0.08053896799877515
CRS,Carpenter Technology Corp.,-0.08074222668004026
STZ,Constellation Brands Inc.,-0.08115303875889608
BRC,Brady Corp.,-0.08198158702323531
FVE,Five Star Quality Care Inc.,-0.08221797323135766
TSC,"Tristate Capital Holdings, Inc.",-0.08305647840531562
GILD,Gilead Sciences Inc.,-0.0836599336750076
VHI,"Valhi, Inc.",-0.08480325644504749
BXP,Boston Properties Inc.,-0.0850512427847803
ILMN,Illumina Inc.,-0.08511239926480975
NS,NuStar Energy L.P.,-0.08534621578099844
VRA,"Vera Bradley, Inc.",-0.08542713567839193
NNN,"National Retail Properties, Inc.",-0.08571428571428565
WYNN,Wynn Resorts Ltd.,-0.08639618138424815
AXDX,"Accelerate Diagnostics, Inc.",-0.08652094717668497
C,Citigroup Inc.,-0.08722741433021798
WAB,Westinghouse Air Brake Technologies Corporation,-0.08735294117647055
NOC,Northrop Grumman Corporation,-0.08869847835721667
IBIO,"iBio, Inc.",-0.08962264150943404
NXST,"Nexstar Broadcasting Group, Inc.",-0.09008555611474574
SSY,SunLink Health Systems Inc.,-0.09009009009009017
PRGO,Perrigo Company Public Limited Company,-0.09014758675708023
VTNR,"Vertex Energy, Inc.",-0.0903614457831325
PVH,PVH Corp.,-0.09047619047619058
FAF,First American Financial Corporation,-0.09055044148036823
RCL,Royal Caribbean Cruises Ltd.,-0.09106287003101204
MO,Altria Group Inc.,-0.09116279069767445
WSTG,"Wayside Technology Group, Inc.",-0.09127142287764047
MPX,Marine Products Corp.,-0.09133858267716545
PAR,PAR Technology Corporation,-0.09134385461501675
CBOE,"CBOE Holdings, Inc.",-0.09139426284189459
ATRC,"AtriCure, Inc.",-0.09186602870813389
RES,RPC Inc.,-0.09210526315789481
SCVL,Shoe Carnival Inc.,-0.0922499329578975
MRC,MRC Global Inc.,-0.09227871939736335
EPM,Evolution Petroleum Corp.,-0.09236947791164675
TDC,Teradata Corporation,-0.09267431597528691
AYI,"Acuity Brands, Inc.",-0.09274695793810488
ALSK,Alaska Communications Systems Group Inc.,-0.09302325581395347
THO,Thor Industries Inc.,-0.09321685508735862
DENN,Denny's Corporation,-0.09339207048458155
CTXS,"Citrix Systems, Inc.",-0.09364844903988188
APO,"Apollo Global Management, LLC",-0.09401144870101283
CBRL,"Cracker Barrel Old Country Store, Inc.",-0.09493120926864591
IFF,International Flavors & Fragrances Inc.,-0.09509779851051645
SRT,"StarTek, Inc.",-0.09565217391304345
BSX,Boston Scientific Corporation,-0.0960603112840466
AIV,Apartment Investment and Management Company,-0.09685165421558153
AWRE,"Aware, Inc.",-0.09688581314878901
AKR,Acadia Realty Trust,-0.09743589743589734
EXEL,"Exelixis, Inc.",-0.09866558835422569
JBT,John Bean Technologies Corporation,-0.09873443149859379
PRAA,Portfolio Recovery Associates Inc.,-0.09883858734297214
SSP,The E. W. Scripps Company,-0.0993949870354365
UBOH,United Bancshares Inc.,-0.09952606635071096
PHX,Panhandle Oil and Gas Inc.,-0.09999999999999996
CPIX,"Cumberland Pharmaceuticals, Inc.",-0.10149253731343293
EFOI,"Energy Focus, Inc.",-0.10159118727050184
HES,Hess Corporation,-0.10196167883211692
NEM,Newmont Mining Corporation,-0.10255268625704952
GALT,"Galectin Therapeutics, Inc.",-0.10402684563758391
PTEN,Patterson-UTI Energy Inc.,-0.1052631578947368
TXT,Textron Inc.,-0.10526315789473686
DK,"Delek US Holdings, Inc.",-0.10573770491803272
HXL,Hexcel Corp.,-0.10579345088161216
WGO,"Winnebago Industries, Inc.",-0.10580836108028115
UAN,"CVR Partners, LP",-0.10588235294117644
HL,Hecla Mining Co.,-0.10590277777777768
RLGY,Realogy Holdings Corp.,-0.1074600355239786
SBGI,Sinclair Broadcast Group Inc.,-0.1080056845097111
TWI,Titan International Inc.,-0.10828025477707015
MDP,Meredith Corporation,-0.10864903502501784
USAP,Universal Stainless & Alloy Products Inc.,-0.10869565217391307
ULBI,Ultralife Corp.,-0.10919540229885054
UNF,UniFirst Corp.,-0.11035130761601497
NHI,National Health Investors Inc.,-0.11119787599562712
SCX,The L.S. Starrett Company,-0.11144578313253002
NKTR,Nektar Therapeutics,-0.11189873417721523
DISCA,"Discovery Communications, Inc.",-0.1123264619267984
HPP,"Hudson Pacific Properties, Inc.",-0.11288963774220724
DISCK,"Discovery Communications, Inc.",-0.11486799444187126
MEIP,"MEI Pharma, Inc.",-0.11490683229813667
LODE,"Comstock Mining, Inc.",-0.1157024793388429
ACTG,Acacia Research Corporation,-0.11609498680738785
VLO,Valero Energy Corporation,-0.11660703009892653
SCOR,"comScore, Inc.",-0.11790393013100438
NWLI,National Western Life Insurance Company,-0.11832632071061244
SM,SM Energy Company,-0.11906325235281233
LOGC,LOGIC Devices Incorporated,-0.12012480499219975
GTN,Gray Television Inc.,-0.12111184645929848
GCO,Genesco Inc.,-0.12177888611803823
LIFE,Life Technologies Corporation,-0.12201591511936338
NES,"Nuverra Environmental Solutions, Inc.",-0.12211221122112201
PRLB,"Proto Labs, Inc.",-0.12345127091582585
MPAA,Motorcar Parts of America Inc.,-0.1254315304948216
CVI,"CVR Energy, Inc.",-0.12636961285609924
CLB,Core Laboratories NV,-0.126848691695108
NAVB,"Navidea Biopharmaceuticals, Inc",-0.12837837837837834
VSTM,"Verastem, Inc.",-0.12857142857142853
FONR,Fonar Corp.,-0.13008130081300823
GCI,"Gannett Co., Inc.",-0.1301775147928994
PCYO,Pure Cycle Corporation,-0.13060428849902533
CLRO,"ClearOne, Inc.",-0.13063063063063074
TLYS,"Tilly's, Inc.",-0.13190954773869346
UHT,Universal Health Realty Income Trust,-0.13204411542529076
RKT,Rock-Tenn Company,-0.13206751054852317
IMAX,IMAX Corporation,-0.13213213213213212
CCOI,"Cogent Communications Group, Inc.",-0.1325210589651023
LGND,Ligand Pharmaceuticals Incorporated,-0.13492063492063497
PSX,Phillips 66,-0.13517217748843585
BTN,"Ballantyne Strong, Inc",-0.13559322033898305
HT,Hersha Hospitality Trust,-0.13680781758957652
RLH,Red Lion Hotels Corporation,-0.1377777777777778
LMNX,Luminex Corporation,-0.13807024626564385
CPAH,CounterPath Corporation,-0.13841807909604525
CCL,Carnival Corporation,-0.13949579831932782
SBH,Sally Beauty Holdings Inc.,-0.14351005484460697
BJRI,"BJ's Restaurants, Inc.",-0.14367816091954022
SLB,Schlumberger Limited,-0.14586799778147536
MED,Medifast Inc.,-0.14721042197677717
SGA,Saga Communications Inc.,-0.14734088927637326
STSA,Sterling Financial Corporation,-0.14799154334038056
PNRG,PrimeEnergy Corp.,-0.1483280937410689
QUAD,"Quad/Graphics, Inc.",-0.14953271028037382
CYBE,CyberOptics Corp.,-0.14965986394557826
ARL,American Realty Investors Inc.,-0.14979338842975198
NATR,Nature's Sunshine Products Inc.,-0.15069551777434306
IMMR,Immersion Corporation,-0.15254237288135591
UEC,Uranium Energy Corp.,-0.15315315315315328
LPI,"Laredo Petroleum, Inc.",-0.15364120781527535
DKL,"Delek Logistics Partners, LP",-0.15479876160990702
SLCA,"U.S. Silica Holdings, Inc.",-0.15561959654178675
ABIO,"ARCA biopharma, Inc.",-0.15690376569037656
CSPI,CSP Inc.,-0.15703380588876767
URG,UR-Energy Inc.,-0.16071428571428584
ATOS,"Atossa Genetics, Inc.",-0.16438356164383555
DISH,Dish Network Corp.,-0.16595223515003057
ORMP,Oramed Pharmaceuticals Inc.,-0.16666666666666674
FOSL,"Fossil Group, Inc.",-0.16826265389876877
API,Advanced Photonix Inc.,-0.16863905325443795
LXRX,"Lexicon Pharmaceuticals, Inc.",-0.17391304347826086
GEO,"The GEO Group, Inc.",-0.17431192660550462
BDSI,"BioDelivery Sciences International, Inc.",-0.1747572815533981
PBIO,"Pressure BioSciences, Inc.",-0.17582417582417587
RAD,Rite Aid Corporation,-0.17642209398186318
LFVN,Lifevantage Corporation,-0.17700348432055743
STRM,"Streamline Health Solutions, Inc.",-0.18023255813953493
ACEL,"Tamir Biotechnology, Inc.",-0.18098859315589358
CF,"CF Industries Holdings, Inc.",-0.1813594538438706
ZIOP,"ZIOPHARM Oncology, Inc.",-0.1863799283154122
NOV,"National Oilwell Varco, Inc.",-0.18672566371681426
SANW,nan,-0.18954248366013074
ALIM,"Alimera Sciences, Inc.",-0.19175627240143375
XONE,The ExOne Company,-0.19264214046822736
SPLP,Steel Partners Holdings L.P,-0.19359331476323116
PEI,Pennsylvania Real Estate Investment Trust,-0.19480519480519484
SALM,Salem Communications Corp.,-0.1953125
SPPI,"Spectrum Pharmaceuticals, Inc.",-0.19811320754716988
SMED,Sharps Compliance Corp.,-0.19999999999999996
VGZ,Vista Gold Corp.,-0.2
VRTX,Vertex Pharmaceuticals Incorporated,-0.20098187311178248
CLVS,"Clovis Oncology, Inc.",-0.20285714285714285
ISSC,Innovative Solutions & Support Inc.,-0.2051282051282051
EXPR,Express Inc.,-0.20618556701030924
LINC,Lincoln Educational Services Corporation,-0.20644216691068815
WLL,Whiting Petroleum Corp.,-0.2070949185043145
DHX,"Dice Holdings, Inc.",-0.2076923076923077
SNCR,"Synchronoss Technologies, Inc.",-0.20779220779220786
LLNW,"Limelight Networks, Inc.",-0.20903954802259878
HCC,HCC Insurance Holdings Inc.,-0.21183306920232434
SEAC,SeaChange International Inc.,-0.2178217821782178
UTI,"Universal Technical Institute, Inc.",-0.218562874251497
CWH,CommonWealth REIT,-0.21939058171745157
APA,Apache Corp.,-0.22016806722689083
PBF,PBF Energy Inc.,-0.22079772079772078
AHPI,Allied Healthcare Products Inc.,-0.22082018927444788
UAMY,United States Antimony Corp.,-0.22448979591836732
MD,"MEDNAX, Inc.",-0.22510593220338976
LWAY,Lifeway Foods Inc.,-0.22551928783382796
FARM,Farmer Brothers Co.,-0.22568807339449548
STXS,Stereotaxis Inc.,-0.22602739726027393
CNK,Cinemark Holdings Inc.,-0.22708505367464907
CATO,The Cato Corporation,-0.22872928176795582
WIFI,"Boingo Wireless, Inc.",-0.23115577889447236
GORO,Gold Resource Corp,-0.23640728349975737
LTBR,Lightbridge Corp.,-0.2403314917127072
AGEN,Agenus Inc.,-0.24230769230769234
ACET,Aceto Corp.,-0.2471368294153104
USAK,USA Truck Inc.,-0.24957841483979756
SYN,Synthetic Biologics Inc.,-0.25
CNSL,Consolidated Communications Holdings Inc.,-0.25557206537890054
VRS,Verso Paper Corp.,-0.26198934280639424
DSS,"Document Security Systems, Inc.",-0.26545454545454544
FNHC,Federated National Holding Company,-0.26650366748166254
DVAX,Dynavax Technologies Corporation,-0.2676056338028168
ATHX,"Athersys, Inc.",-0.2747747747747748
CXW,Corrections Corporation of America,-0.2749178532311063
CENX,Century Aluminum Co.,-0.27687916270218843
GRPN,"Groupon, Inc.",-0.2823033707865168
CYTK,"Cytokinetics, Incorporated",-0.28739130434782606
CCO,Clear Channel Outdoor Holdings Inc.,-0.2957746478873239
ADT,The ADT Corporation,-0.30576208178438663
CLSN,Celsion Corp.,-0.30864197530864196
RDI,"Reading International, Inc.",-0.3264781491002571
PDLI,"PDL BioPharma, Inc.",-0.33136094674556216
ICPT,"Intercept Pharmaceuticals, Inc.",-0.336202990484821
WSTL,"Westell Technologies, Inc.",-0.3464912280701754
UIHC,United Insurance Holdings Corp.,-0.35659898477157354
FRAN,Francesca's Holdings Corporation,-0.3609467455621302
BBX,BBX Capital Corporation,-0.36454849498327757
CIDM,Cinedigm Corp.,-0.36666666666666675
NCMI,"National CineMedia, Inc.",-0.375
MCS,The Marcus Corporation,-0.3783582089552239
AXAS,Abraxas Petroleum Corp.,-0.415625
NR,Newpark Resources Inc.,-0.41721854304635764
ISR,"IsoRay, Inc.",-0.44776119402985076
BTU,Peabody Energy Corp.,-0.46232876712328763
GPOR,Gulfport Energy Corp.,-0.5423728813559322
SCON,Superconductor Technologies Inc.,-0.5753968253968254
OAS,Oasis Petroleum Inc.,-0.7050000000000001
GMO,"General Moly, Inc.",-0.765
CLUB,Town Sports International Holdings Inc.,-0.778125
